FacilityID,Company,Location,Product,TechID,TransitionYear,TransitionFraction,CapacityTransitioned_kt,EmissionsBefore_ktCO2,EmissionsAfter_ktCO2,AbatementMtCO2,AnnualCostUSD,CostPerTonCO2,FacilityAge_2025,EmissionIntensity
롯데케미칼_대산_Ethylene_1991,롯데케미칼,대산,Ethylene,EE_001,2025,1.0,1100.0,1308.8088206914956,935.7983067944194,0.3730105138970762,-25737725.458898257,-69,34,1.1898262006286326
한화토탈에너지스_대산_Ethylene_1991,한화토탈에너지스,대산,Ethylene,EE_001,2025,1.0,1525.0,1814.4849559586648,1297.3567435104455,0.5171282124482193,-35681846.65892713,-69,34,1.1898262006286326
롯데케미칼_여수_Ethylene_1992,롯데케미칼,여수,Ethylene,EE_001,2025,1.0,1230.0,1463.486226773218,1046.392652142851,0.4170935746303671,-28779456.64949533,-69,33,1.1898262006286326
HD현대케미칼_대산_Ethylene_2021,HD현대케미칼,대산,Ethylene,EE_001,2025,1.0,850.0,1011.3522705343375,723.1168734320514,0.28823539710228613,-19888242.40005774,-69,4,1.1898262006286326
LG화학_대산_Ethylene_1991,LG화학,대산,Ethylene,EE_001,2025,1.0,1300.0,1546.774060817222,1105.943453484314,0.44083060733290813,-30417311.90597066,-69,34,1.1898262006286324
여천NCC_여수_Ethylene_1979,여천NCC,여수,Ethylene,EE_001,2025,1.0,2285.0,2718.7528684364247,1943.9083009320439,0.7748445675043808,-53464275.15780228,-69,46,1.1898262006286324
GS칼텍스_여수_Ethylene_2021,GS칼텍스,여수,Ethylene,EE_001,2025,1.0,900.0,1070.8435805657691,765.653160104525,0.3051904204612441,-21058139.011825845,-69,4,1.1898262006286324
대한유화_온산_Ethylene_1991,대한유화,온산,Ethylene,EE_001,2025,1.0,900.0,1070.8435805657691,765.653160104525,0.3051904204612441,-21058139.011825845,-69,34,1.1898262006286324
SK지오센트릭_울산_Ethylene_1989,SK지오센트릭,울산,Ethylene,EE_001,2025,1.0,660.0,785.2852924148975,561.4789840766518,0.2238063083382457,-15442635.275338953,-69,36,1.1898262006286324
LG화학_여수_Ethylene_2021,LG화학,여수,Ethylene,EE_001,2025,1.0,1030.0,1225.520986647491,876.2475054529563,0.34927348119453483,-24099870.202422902,-69,4,1.1898262006286322
S-Oil_온산_Ethylene_2018,S-Oil,온산,Ethylene,EE_001,2025,1.0,182.0,216.54836851441107,154.83208348780394,0.06171628502660712,-4258423.666835891,-69,7,1.1898262006286322
롯데케미칼_울산_M-X_1998,롯데케미칼,울산,M-X,EE_001,2025,1.0,360.0,418.6088532917559,299.3053301036055,0.11930352318815039,-8231943.099982377,-69,27,1.1628023702548775
롯데케미칼_울산_O-X_1980,롯데케미칼,울산,O-X,EE_001,2025,1.0,210.0,214.40941266163108,153.30273005306623,0.061106682608564854,-4216361.099990974,-69,45,1.020997203150624
SK지오센트릭_울산_O-X_1990,SK지오센트릭,울산,O-X,EE_001,2025,1.0,200.0,204.19944063012483,146.00260005053926,0.05819684057958557,-4015581.9999914044,-69,35,1.020997203150624
롯데케미칼_대산_LDPE_2005,롯데케미칼,대산,LDPE,EE_001,2025,1.0,500.0,389.0416852153865,278.1648049290014,0.11087688028638513,-7650504.739760574,-69,20,0.778083370430773
HD현대케미칼_대산_LDPE_2021,HD현대케미칼,대산,LDPE,EE_001,2025,1.0,300.0,233.4250111292319,166.89888295740084,0.06652612817183107,-4590302.843856343,-69,4,0.778083370430773
LG화학_대산_LDPE_2006,LG화학,대산,LDPE,EE_001,2025,1.0,280.0,217.86334372061643,155.77229076024076,0.06209105296037566,-4284282.654265921,-69,19,0.778083370430773
LG화학_여수_LDPE_1990,LG화학,여수,LDPE,EE_001,2025,1.0,180.0,140.05500667753915,100.13932977444051,0.03991567690309864,-2754181.706313806,-69,35,0.778083370430773
한화솔루션_여수_LDPE_1979,한화솔루션,여수,LDPE,EE_001,2025,1.0,337.0,262.2140958351705,187.48307852214694,0.07473101731302356,-5156440.194598626,-69,46,0.778083370430773
롯데케미칼_울산_LDPE_1972,롯데케미칼,울산,LDPE,EE_001,2025,1.0,120.0,93.37000445169278,66.75955318296035,0.026610451268732432,-1836121.1375425379,-69,53,0.778083370430773
한화토탈에너지스_대산_LDPE_1991,한화토탈에너지스,대산,LDPE,EE_001,2025,1.0,435.0,338.46626613738624,242.0033802882312,0.09646288584915505,-6655939.123591699,-69,34,0.7780833704307729
HD현대오일뱅크_대산_Propylene_2011,HD현대오일뱅크,대산,Propylene,EE_001,2025,1.0,420.0,267.69970555334856,191.40528947064425,0.07629441608270432,-5264314.709706598,-69,14,0.6373802513174966
롯데케미칼_대산_Propylene_1997,롯데케미칼,대산,Propylene,EE_001,2025,1.0,550.0,350.5591382246231,250.64978383060554,0.09990935439401756,-6893745.453187211,-69,28,0.6373802513174966
효성화학_울산_Propylene_1991,효성화학,울산,Propylene,EE_001,2025,1.0,500.0,318.69012565874834,227.8634398460051,0.09082668581274325,-6267041.321079285,-69,34,0.6373802513174966
롯데케미칼_여수_Propylene_1992,롯데케미칼,여수,Propylene,EE_001,2025,1.0,641.0,408.5607410945153,292.1209298825785,0.11643981121193685,-8034346.973623644,-69,33,0.6373802513174966
대한유화_온산_Propylene_1991,대한유화,온산,Propylene,EE_001,2025,1.0,560.0,356.9329407377981,255.20705262752568,0.10172588811027242,-7019086.279608797,-69,34,0.6373802513174966
S-Oil_온산_Propylene_2018,S-Oil,온산,Propylene,EE_001,2025,1.0,840.0,535.3994111066971,382.8105789412885,0.15258883216540864,-10528629.419413196,-69,7,0.6373802513174966
SK에너지_울산_Propylene_1996,SK에너지,울산,Propylene,EE_001,2025,1.0,620.0,395.1757558168478,282.5506654090462,0.11262509040780162,-7771131.2381383125,-69,29,0.6373802513174966
SK지오센트릭_울산_Propylene_1989,SK지오센트릭,울산,Propylene,EE_001,2025,1.0,380.0,242.20449550064868,173.17621428296383,0.06902828121768485,-4762951.4040202545,-69,36,0.6373802513174965
태광산업_울산_Propylene_1997,태광산업,울산,Propylene,EE_001,2025,1.0,300.0,191.21407539524895,136.718063907603,0.05449601148764594,-3760224.79264757,-69,28,0.6373802513174965
LG화학_여수_Propylene_2021,LG화학,여수,Propylene,EE_001,2025,1.0,1300.0,828.5943267127454,592.4449435996131,0.23614938311313233,-16294307.434806133,-69,4,0.6373802513174965
여천NCC_여수_Propylene_1979,여천NCC,여수,Propylene,EE_001,2025,1.0,1289.0,821.5831439482532,587.4319479230011,0.23415119602525214,-16156432.525742397,-69,46,0.6373802513174965
GS칼텍스_여수_Propylene_2021,GS칼텍스,여수,Propylene,EE_001,2025,1.0,970.0,618.2588437779716,442.05507330124976,0.17620377047672184,-12158060.162893808,-69,4,0.6373802513174965
SK어드밴스드_울산_Propylene_2016,SK어드밴스드,울산,Propylene,EE_001,2025,1.0,600.0,382.4281507904979,273.436127815206,0.10899202297529188,-7520449.58529514,-69,9,0.6373802513174965
LG화학_대산_Propylene_1991,LG화학,대산,Propylene,EE_001,2025,1.0,680.0,433.4185708958977,309.89427819056687,0.12352429270533082,-8523176.196667826,-69,34,0.6373802513174965
한화토탈에너지스_대산_Propylene_1991,한화토탈에너지스,대산,Propylene,EE_001,2025,1.0,1064.0,678.1725874018163,484.89339999229867,0.19327918740951758,-13336263.931256713,-69,34,0.6373802513174965
HD현대케미칼_대산_Propylene_2021,HD현대케미칼,대산,Propylene,EE_001,2025,1.0,451.0,287.4584933441909,205.53282274109654,0.08192567060309437,-5652871.271613511,-69,4,0.6373802513174965
한화토탈에너지스_대산_L-LDPE_2004,한화토탈에너지스,대산,L-LDPE,EE_001,2025,1.0,530.0,327.7144641722758,234.31584188317723,0.09339862228909859,-6444504.937947803,-69,21,0.6183291776835391
LG화학_대산_L-LDPE_2006,LG화학,대산,L-LDPE,EE_001,2025,1.0,125.0,77.2911472104424,55.26317025546633,0.022027976954976075,-1519930.4098933493,-69,19,0.6183291776835391
SK지오센트릭_울산_L-LDPE_1990,SK지오센트릭,울산,L-LDPE,EE_001,2025,1.0,550.0,340.0810477259465,243.15794912405178,0.09692309860189474,-6687693.803530738,-69,35,0.6183291776835391
롯데케미칼_여수_L-LDPE_2019,롯데케미칼,여수,L-LDPE,EE_001,2025,1.0,600.0,370.9975066101234,265.2632172262383,0.10573428938388514,-7295665.967488075,-69,6,0.6183291776835391
한화솔루션_여수_L-LDPE_1986,한화솔루션,여수,L-LDPE,EE_001,2025,1.0,288.0,178.0788031728593,127.32634426859441,0.050752458904264885,-3501919.664394277,-69,39,0.6183291776835391
LG화학_여수_L-LDPE_2021,LG화학,여수,L-LDPE,EE_001,2025,1.0,425.0,262.78990051550414,187.8947788685855,0.07489512164691865,-5167763.393637387,-69,4,0.6183291776835391
DL케미칼_여수_L-LDPE_2010,DL케미칼,여수,L-LDPE,EE_001,2025,1.0,10.0,6.183291776835391,4.421053620437306,0.0017622381563980856,-121594.4327914679,-69,15,0.618329177683539
SSNC_울산_L-LDPE_2015,SSNC,울산,L-LDPE,EE_001,2025,1.0,180.0,111.29925198303702,79.57896516787149,0.03172028681516554,-2188699.7902464224,-69,10,0.618329177683539
HD현대케미칼_대산_HDPE_2021,HD현대케미칼,대산,HDPE,EE_001,2025,1.0,575.0,334.77064067143215,239.36100808007401,0.09540963259135814,-6583264.648803712,-69,4,0.58220980986336
DL케미칼_여수_HDPE_1980,DL케미칼,여수,HDPE,EE_001,2025,1.0,630.0,366.7921802139168,262.2564088529506,0.10453577136096624,-7212968.223906671,-69,45,0.58220980986336
롯데케미칼_여수_HDPE_1992,롯데케미칼,여수,HDPE,EE_001,2025,1.0,360.0,209.5955315508096,149.86080505882887,0.05973472649198072,-4121696.12794667,-69,33,0.58220980986336
LG화학_여수_HDPE_1992,LG화학,여수,HDPE,EE_001,2025,1.0,500.0,291.10490493168,208.1400070261512,0.08296489790552877,-5724577.955481485,-69,33,0.58220980986336
GS칼텍스_여수_HDPE_2021,GS칼텍스,여수,HDPE,EE_001,2025,1.0,650.0,378.4363764111841,270.5820091339967,0.1078543672771874,-7441951.342125931,-69,4,0.58220980986336
대한유화_온산_HDPE_1976,대한유화,온산,HDPE,EE_001,2025,1.0,210.0,122.26406007130564,87.41880295098353,0.034845257120322104,-2404322.741302225,-69,49,0.58220980986336
SK지오센트릭_울산_HDPE_1990,SK지오센트릭,울산,HDPE,EE_001,2025,1.0,490.0,285.28280683304644,203.97720688562822,0.08130559994741822,-5610086.396371857,-69,35,0.58220980986336
한화토탈에너지스_대산_HDPE_1991,한화토탈에너지스,대산,HDPE,EE_001,2025,1.0,180.0,104.7977657754048,74.93040252941444,0.02986736324599036,-2060848.063973335,-69,34,0.58220980986336
금호석유화학_울산_PS_1973,금호석유화학,울산,PS,EE_001,2025,1.0,265.0,154.28559961379042,110.31420372386016,0.043971395889930265,-3034026.3164051883,-69,52,0.5822098098633599
LG화학_여수_PS_1984,LG화학,여수,PS,EE_001,2025,1.0,40.0,23.2883923945344,16.6512005620921,0.0066371918324423015,-457966.2364385188,-69,41,0.5822098098633599
HDC현대EP_울산_PS_1989,HDC현대EP,울산,PS,EE_001,2025,1.0,148.0,86.16705185977729,61.60944207974077,0.024557609780036523,-1694475.0748225201,-69,36,0.5822098098633599
한국이네오스스티롤루션_울산_PS_1985,한국이네오스스티롤루션,울산,PS,EE_001,2025,1.0,266.0,154.86780942365377,110.73048373791245,0.044137325685741316,-3045475.472316151,-69,40,0.5822098098633599
SK지오센트릭_울산_톨루엔_2070,SK지오센트릭,울산,톨루엔,EE_001,2025,1.0,1506.0,861.2362473461536,615.7839168524999,0.24545233049365367,-16936210.804062102,-69,-45,0.5718700181581365
롯데케미칼_대산_톨루엔_2011,롯데케미칼,대산,톨루엔,EE_001,2025,1.0,120.0,68.62440217897637,49.06644755796811,0.019557954621008258,-1349498.8688495697,-69,14,0.5718700181581364
LG화학_대산_톨루엔_2011,LG화학,대산,톨루엔,EE_001,2025,1.0,100.0,57.18700181581364,40.88870629830676,0.01629829551750688,-1124582.3907079746,-69,14,0.5718700181581364
롯데케미칼_여수_톨루엔_1992,롯데케미칼,여수,톨루엔,EE_001,2025,1.0,220.0,125.81140399479,89.95515385627486,0.035856250138515136,-2474081.2595575443,-69,33,0.5718700181581364
여천NCC_여수_톨루엔_1979,여천NCC,여수,톨루엔,EE_001,2025,1.0,282.0,161.26734512059448,115.30615176122507,0.04596119335936942,-3171322.3417964904,-69,46,0.5718700181581364
GS칼텍스_여수_톨루엔_1990,GS칼텍스,여수,톨루엔,EE_001,2025,1.0,170.0,97.21790308688318,69.51080070712149,0.02770710237976169,-1911790.0642035569,-69,35,0.5718700181581364
대한유화_온산_톨루엔_2008,대한유화,온산,톨루엔,EE_001,2025,1.0,78.0,44.60586141633464,31.893190912679273,0.012712670503655368,-877174.2647522204,-69,17,0.5718700181581364
S-Oil_온산_톨루엔_1991,S-Oil,온산,톨루엔,EE_001,2025,1.0,300.0,171.5610054474409,122.66611889492025,0.048894886552520646,-3373747.172123925,-69,34,0.5718700181581364
OCI_광양_톨루엔_1995,OCI,광양,톨루엔,EE_001,2025,1.0,40.0,22.874800726325457,16.355482519322702,0.006519318207002755,-449832.9562831901,-69,30,0.5718700181581363
LG화학_여수_톨루엔_1992,LG화학,여수,톨루엔,EE_001,2025,1.0,112.0,64.04944203371127,45.79535105410356,0.01825409097960771,-1259532.277592932,-69,33,0.5718700181581363
한화솔루션_울산_PVC_2066,한화솔루션,울산,PVC,EE_001,2025,1.0,330.0,184.1878954483726,131.69434524558642,0.05249355020278617,-3622054.963992246,-69,-41,0.5581451377223412
LG화학_대산_PVC_1998,LG화학,대산,PVC,EE_001,2025,1.0,240.0,133.9548330533619,95.77770563315377,0.03817712742020814,-2634221.791994361,-69,27,0.5581451377223412
한화솔루션_여수_PVC_1990,한화솔루션,여수,PVC,EE_001,2025,1.0,480.0,267.9096661067238,191.55541126630754,0.07635425484041627,-5268443.583988722,-69,35,0.5581451377223412
LG화학_여수_PVC_1976,LG화학,여수,PVC,EE_001,2025,1.0,450.0,251.16531197505353,179.5831980621633,0.07158211391289024,-4939165.859989426,-69,49,0.5581451377223412
울산아로마틱스_울산_P-X_2014,울산아로마틱스,울산,P-X,EE_001,2025,1.0,1000.0,543.1440172460224,388.34797233090603,0.15479604491511634,-10680927.099143026,-69,11,0.5431440172460223
롯데케미칼_울산_P-X_1980,롯데케미칼,울산,P-X,EE_001,2025,1.0,750.0,407.35801293451686,291.2609792481796,0.11609703368633728,-8010695.324357272,-69,45,0.5431440172460223
S-Oil_온산_P-X_1997,S-Oil,온산,P-X,EE_001,2025,1.0,1900.0,1031.9736327674427,737.8611474287217,0.29411248533872103,-20293761.48837175,-69,28,0.5431440172460223
GS칼텍스_여수_P-X_1990,GS칼텍스,여수,P-X,EE_001,2025,1.0,1350.0,733.2444232821302,524.2697626467232,0.20897466063540707,-14419251.583843086,-69,35,0.5431440172460223
HD현대오일뱅크_대산_P-X_1997,HD현대오일뱅크,대산,P-X,EE_001,2025,1.0,1460.0,792.9902651791926,566.9880396031228,0.2260022255760698,-15594153.564748816,-69,28,0.5431440172460223
한화토탈에너지스_대산_P-X_1997,한화토탈에너지스,대산,P-X,EE_001,2025,1.0,2000.0,1086.288034492045,776.6959446618123,0.3095920898302327,-21361854.198286053,-69,28,0.5431440172460223
SK인천석유화학_인천_P-X_2014,SK인천석유화학,인천,P-X,EE_001,2025,1.0,1500.0,814.7160258690337,582.5219584963592,0.23219406737267456,-16021390.648714544,-69,11,0.5431440172460223
SK지오센트릭_울산_P-X_1990,SK지오센트릭,울산,P-X,EE_001,2025,1.0,830.0,450.8095343141986,322.328817034652,0.12848071727954657,-8865169.492288714,-69,35,0.5431440172460222
LG화학_대산_VCM_1997,LG화학,대산,VCM,EE_001,2025,1.0,230.0,107.15641208358804,76.61683463976546,0.03053957744382258,-2107230.843623758,-69,28,0.4658974438416871
LG화학_여수_VCM_1990,LG화학,여수,VCM,EE_001,2025,1.0,720.0,335.4461595660147,239.84400408970055,0.09560215547631418,-6596548.727865678,-69,35,0.4658974438416871
한화솔루션_여수_VCM_1979,한화솔루션,여수,VCM,EE_001,2025,1.0,583.0,271.61820975970363,194.20701997818813,0.0774111897815155,-5341372.094924569,-69,46,0.4658974438416871
한화솔루션_울산_VCM_1972,한화솔루션,울산,VCM,EE_001,2025,1.0,264.0,122.99692517420542,87.94280149955688,0.03505412367464854,-2418734.533550749,-69,53,0.4658974438416871
한화솔루션_여수_EDC_1980,한화솔루션,여수,EDC,EE_001,2025,1.0,1586.0,716.1959453298002,512.0801009108072,0.204115844418993,-14083993.264910515,-69,45,0.4515737360213115
LG화학_여수_EDC_1996,LG화학,여수,EDC,EE_001,2025,1.0,810.0,365.7747261772624,261.52892921674265,0.10424579696051972,-7192959.990275861,-69,29,0.4515737360213115
한화솔루션_울산_EDC_1991,한화솔루션,울산,EDC,EE_001,2025,1.0,385.0,173.85588836820497,124.30696018326657,0.049548928184938404,-3418876.0447607497,-69,34,0.4515737360213115
카프로_울산_C-H_2000,카프로,울산,C-H,EE_001,2025,1.0,190.0,76.17609491245531,54.46590786240555,0.021710187050049762,-1498002.9064534334,-69,25,0.4009268153287121
SK지오센트릭_울산_C-H_1974,SK지오센트릭,울산,C-H,EE_001,2025,1.0,160.0,64.14829045259394,45.86602767360467,0.01828226277898927,-1261476.1317502595,-69,51,0.4009268153287121
LG화학_여수_Butadiene_1991,LG화학,여수,Butadiene,EE_001,2025,1.0,306.0,116.98110420755916,83.6414895084048,0.033339614699154356,-2300433.4142416506,-69,34,0.3822911902207816
금호석유화학_울산_Butadiene_1979,금호석유화학,울산,Butadiene,EE_001,2025,1.0,90.0,34.406207119870345,24.6004380907073,0.009805769029163046,-676598.0630122501,-69,46,0.3822911902207816
대한유화_울산_Butadiene_2023,대한유화,울산,Butadiene,EE_001,2025,1.0,146.0,55.81451377223412,39.9073773471474,0.015907136425086718,-1097592.4133309836,-69,2,0.3822911902207816
SK지오센트릭_울산_Butadiene_1989,SK지오센트릭,울산,Butadiene,EE_001,2025,1.0,130.0,49.69785472870161,35.53396613102165,0.014163888597679957,-977308.313239917,-69,36,0.3822911902207816
롯데케미칼_여수_Butadiene_2011,롯데케미칼,여수,Butadiene,EE_001,2025,1.0,160.0,61.166590435325055,43.73411216125742,0.017432478274067634,-1202841.0009106668,-69,14,0.3822911902207816
롯데GS화학_여수_Butadiene_2022,롯데GS화학,여수,Butadiene,EE_001,2025,1.0,130.0,49.69785472870161,35.53396613102165,0.014163888597679957,-977308.313239917,-69,3,0.3822911902207816
금호석유화학_여수_Butadiene_1992,금호석유화학,여수,Butadiene,EE_001,2025,1.0,147.0,56.1968049624549,40.180715548155256,0.016016089414299644,-1105110.1695866755,-69,33,0.3822911902207816
한화토탈에너지스_대산_Butadiene_1991,한화토탈에너지스,대산,Butadiene,EE_001,2025,1.0,150.0,57.34367853311725,41.000730151178836,0.016342948381938414,-1127663.4383537504,-69,34,0.3822911902207816
LG화학_대산_Butadiene_1991,LG화학,대산,Butadiene,EE_001,2025,1.0,200.0,76.45823804415632,54.66764020157177,0.021790597842584546,-1503551.2511383335,-69,34,0.3822911902207816
HD현대케미칼_대산_Butadiene_2021,HD현대케미칼,대산,Butadiene,EE_001,2025,1.0,163.0,62.3134640059874,44.554126764280994,0.017759337241706405,-1225394.269677742,-69,4,0.3822911902207816
롯데케미칼_대산_Butadiene_1997,롯데케미칼,대산,Butadiene,EE_001,2025,1.0,190.0,72.63532614194851,51.93425819149319,0.02070106795045532,-1428373.6885814168,-69,28,0.3822911902207816
여천NCC_여수_Butadiene_1992,여천NCC,여수,Butadiene,EE_001,2025,1.0,378.0,144.50606990345548,103.32183998097068,0.04118422992248481,-2841711.864651452,-69,33,0.3822911902207816
여천NCC_여수_자일렌_1979,여천NCC,여수,자일렌,EE_001,2025,1.0,204.0,73.32244367903682,52.425547230511334,0.02089689644852549,-1441885.8549482587,-69,46,0.3594237435246903
대한유화_온산_자일렌_2008,대한유화,온산,자일렌,EE_001,2025,1.0,47.0,16.892915945660448,12.078434901147222,0.004814481044513225,-332199.1920714126,-69,17,0.3594237435246903
롯데케미칼_대산_자일렌_2011,롯데케미칼,대산,자일렌,EE_001,2025,1.0,60.0,21.565424611481426,15.419278597209221,0.006146146014272205,-424084.07498478214,-69,14,0.3594237435246903
GS칼텍스_여수_자일렌_1990,GS칼텍스,여수,자일렌,EE_001,2025,1.0,350.0,125.79831023364156,89.94579181705373,0.03585251841658783,-2473823.7707445603,-69,35,0.3594237435246903
HD현대케미칼_대산_자일렌_2016,HD현대케미칼,대산,자일렌,EE_001,2025,1.0,1350.0,485.2220537583319,346.9337684372074,0.13828828532112453,-9541891.687157592,-69,9,0.3594237435246903
롯데케미칼_여수_자일렌_1992,롯데케미칼,여수,자일렌,EE_001,2025,1.0,79.0,28.394475738450534,20.302050152992134,0.0080924255854584,-558377.3653966297,-69,33,0.3594237435246903
LG화학_여수_자일렌_1992,LG화학,여수,자일렌,EE_001,2025,1.0,60.0,21.565424611481426,15.419278597209221,0.006146146014272205,-424084.07498478214,-69,33,0.3594237435246903
S-Oil_온산_자일렌_1991,S-Oil,온산,자일렌,EE_001,2025,1.0,450.0,161.74068458611063,115.64458947906911,0.04609609510704152,-3180630.562385865,-69,34,0.3594237435246902
SK지오센트릭_울산_자일렌_2070,SK지오센트릭,울산,자일렌,EE_001,2025,1.0,894.0,321.3248267110731,229.7472510984173,0.09157757561265581,-6318852.717273251,-69,-45,0.3594237435246902
HD현대케미칼_대산_PP_2021,HD현대케미칼,대산,PP,EE_001,2025,1.0,380.0,134.94347153958876,96.48458215080598,0.03845888938878278,-2653663.367826012,-69,4,0.3551143987883914
LG화학_대산_PP_2006,LG화학,대산,PP,EE_001,2025,1.0,1117.0,396.6627834466332,283.61389016434276,0.11304889328229047,-7800373.636478042,-69,19,0.3551143987883914
롯데케미칼_대산_PP_2005,롯데케미칼,대산,PP,EE_001,2025,1.0,500.0,177.5571993941957,126.95339756684993,0.050603801827345765,-3491662.326086858,-69,20,0.3551143987883914
한화토탈에너지스_대산_PP_1991,한화토탈에너지스,대산,PP,EE_001,2025,1.0,600.0,213.06863927303488,152.34407708021996,0.06072456219281491,-4189994.791304229,-69,34,0.3551143987883914
롯데케미칼_여수_PP_1979,롯데케미칼,여수,PP,EE_001,2025,1.0,180.0,63.92059178191046,45.703223124065985,0.018217368657844474,-1256998.4373912688,-69,46,0.3551143987883914
S-Oil_온산_PP_2018,S-Oil,온산,PP,EE_001,2025,1.0,550.0,195.3129193336153,139.64873732353496,0.05566418201008034,-3840828.558695543,-69,7,0.3551143987883914
대한유화_온산_PP_1976,대한유화,온산,PP,EE_001,2025,1.0,432.0,153.4094202765851,109.68773549775837,0.04372168477882674,-3016796.2497390453,-69,49,0.3551143987883914
SK지오센트릭_울산_PP_1990,SK지오센트릭,울산,PP,EE_001,2025,1.0,400.0,142.04575951535656,101.56271805347995,0.04048304146187661,-2793329.8608694864,-69,35,0.3551143987883914
울산피피_울산_PP_2021,울산피피,울산,PP,EE_001,2025,1.0,600.0,213.06863927303488,152.34407708021996,0.06072456219281491,-4189994.791304229,-69,4,0.3551143987883914
폴리미래_여수_PP_1993,폴리미래,여수,PP,EE_001,2025,1.0,405.0,143.82133150929852,102.83225202914845,0.04098907948015007,-2828246.484130355,-69,32,0.3551143987883913
GS칼텍스_여수_PP_1987,GS칼텍스,여수,PP,EE_001,2025,1.0,730.0,259.2335111155257,185.35196044760087,0.07388155066792482,-5097826.996086813,-69,38,0.3551143987883913
효성화학_울산_TPA_1997,효성화학,울산,TPA,EE_001,2025,1.0,420.0,143.23354945188564,102.41198785809824,0.040821561593787394,-2816687.74997133,-69,28,0.3410322605997277
태광산업_울산_TPA_1980,태광산업,울산,TPA,EE_001,2025,1.0,1000.0,341.0322605997277,243.83806632880533,0.09719419427092237,-6706399.404693644,-69,45,0.3410322605997277
한화임팩트_울산_TPA_1995,한화임팩트,울산,TPA,EE_001,2025,1.0,1300.0,443.34193877964606,316.98948622744695,0.12635245255219912,-8718319.22610174,-69,30,0.3410322605997277
삼남석유화학_여수_TPA_1990,삼남석유화학,여수,TPA,EE_001,2025,1.0,1500.0,511.54839089959154,365.757099493208,0.14579129140638356,-10059599.107040465,-69,35,0.3410322605997277
한화임팩트_대산_TPA_1997,한화임팩트,대산,TPA,EE_001,2025,1.0,700.0,238.72258241980936,170.6866464301637,0.06803593598964565,-4694479.58328555,-69,28,0.3410322605997277
롯데케미칼_대산_벤젠_2011,롯데케미칼,대산,벤젠,EE_001,2025,1.0,240.0,77.56005516471033,55.4554394427679,0.022104615721942437,-1525218.4848140283,-69,14,0.3231668965196264
OCI_광양_벤젠_1995,OCI,광양,벤젠,EE_001,2025,1.0,200.0,64.63337930392527,46.21286620230657,0.018420513101618696,-1271015.4040116898,-69,30,0.3231668965196262
SK지오센트릭_울산_벤젠_1972,SK지오센트릭,울산,벤젠,EE_001,2025,1.0,603.0,194.86963860133463,139.33179159995427,0.055537847001380355,-3832111.4430952445,-69,53,0.3231668965196262
대한유화_온산_벤젠_2008,대한유화,온산,벤젠,EE_001,2025,1.0,210.0,67.86504826912152,48.52350951242189,0.01934153875669963,-1334566.1742122744,-69,17,0.3231668965196262
여천NCC_여수_벤젠_1979,여천NCC,여수,벤젠,EE_001,2025,1.0,457.0,147.6872717094692,105.59639927227049,0.04209087243719871,-2904270.198166711,-69,46,0.3231668965196262
LG화학_여수_벤젠_1992,LG화학,여수,벤젠,EE_001,2025,1.0,630.0,203.59514480736456,145.5705285372657,0.058024616270098875,-4003698.522636823,-69,33,0.3231668965196262
롯데케미칼_여수_벤젠_1992,롯데케미칼,여수,벤젠,EE_001,2025,1.0,235.0,75.94422068211217,54.300117787710214,0.02164410289440196,-1493443.0997137353,-69,33,0.3231668965196262
한화토탈에너지스_대산_벤젠_1991,한화토탈에너지스,대산,벤젠,EE_001,2025,1.0,1267.0,409.4524578903665,292.75850739161206,0.11669395049875442,-8051882.584414054,-69,34,0.3231668965196262
HD현대오일뱅크_대산_벤젠_1997,HD현대오일뱅크,대산,벤젠,EE_001,2025,1.0,338.0,109.23041102363366,78.09974388189808,0.031130667141735586,-2148016.0327797555,-69,28,0.3231668965196262
롯데케미칼_울산_벤젠_1986,롯데케미칼,울산,벤젠,EE_001,2025,1.0,110.0,35.5483586171589,25.417076411268614,0.010131282205890282,-699058.4722064295,-69,39,0.3231668965196262
SK인천석유화학_인천_벤젠_2006,SK인천석유화학,인천,벤젠,EE_001,2025,1.0,600.0,193.90013791177577,138.6385986069197,0.05526153930485608,-3813046.2120350697,-69,19,0.3231668965196261
울산아로마틱스_울산_벤젠_2014,울산아로마틱스,울산,벤젠,EE_001,2025,1.0,600.0,193.90013791177577,138.6385986069197,0.05526153930485608,-3813046.2120350697,-69,11,0.3231668965196261
HD현대케미칼_대산_벤젠_2016,HD현대케미칼,대산,벤젠,EE_001,2025,1.0,410.0,132.49842757304677,94.73637571472845,0.03776205185831832,-2605581.5782239637,-69,9,0.3231668965196261
LG화학_대산_벤젠_1991,LG화학,대산,벤젠,EE_001,2025,1.0,270.0,87.2550620602991,62.38736937311386,0.024867692687185233,-1715870.795415781,-69,34,0.3231668965196261
GS칼텍스_여수_벤젠_1990,GS칼텍스,여수,벤젠,EE_001,2025,1.0,930.0,300.5452137632524,214.88982784072547,0.0856553859225269,-5910221.628654356,-69,35,0.3231668965196261
S-Oil_온산_벤젠_1991,S-Oil,온산,벤젠,EE_001,2025,1.0,672.0,217.16815446118883,155.27523043975003,0.061892924021438804,-4270611.757479277,-69,34,0.3231668965196261
금호석유화학_울산_EPS_1973,금호석유화학,울산,EPS,EE_001,2025,1.0,80.0,25.131266229141225,17.968855353835977,0.0071624108753052486,-494206.35039606213,-69,52,0.3141408278642653
HDC현대EP_울산_EPS_1989,HDC현대EP,울산,EPS,EE_001,2025,1.0,80.0,25.131266229141225,17.968855353835977,0.0071624108753052486,-494206.35039606213,-69,36,0.3141408278642653
한국바스프_울산_EPS_1982,한국바스프,울산,EPS,EE_001,2025,1.0,85.0,26.70197036846255,19.091908813450726,0.007610061555011825,-525094.2472958158,-69,43,0.3141408278642653
SH에너지화학_군산_EPS_1973,SH에너지화학,군산,EPS,EE_001,2025,1.0,100.0,31.41408278642653,22.46106919229497,0.00895301359413156,-617757.9379950776,-69,52,0.3141408278642653
LG화학_여수_EPS_1984,LG화학,여수,EPS,EE_001,2025,1.0,90.0,28.272674507783872,20.21496227306547,0.0080577122347184,-555982.1441955697,-69,41,0.3141408278642652
롯데케미칼_여수_EPS_1989,롯데케미칼,여수,EPS,EE_001,2025,1.0,90.0,28.272674507783872,20.21496227306547,0.0080577122347184,-555982.1441955697,-69,36,0.3141408278642652
대한유화_울산_EG_2014,대한유화,울산,EG,EE_001,2025,1.0,200.0,57.38876213317998,41.03296492522369,0.016355797207956293,-1128550.0073489842,-69,11,0.2869438106658999
롯데케미칼_여수_EG_1979,롯데케미칼,여수,EG,EE_001,2025,1.0,400.0,114.77752426635996,82.06592985044738,0.032711594415912586,-2257100.0146979685,-69,46,0.2869438106658999
롯데케미칼_대산_EG_2005,롯데케미칼,대산,EG,EE_001,2025,1.0,730.0,209.46898178610695,149.7703219770665,0.05969865980904046,-4119207.526823792,-69,20,0.2869438106658999
한화토탈에너지스_대산_EG_1991,한화토탈에너지스,대산,EG,EE_001,2025,1.0,218.0,62.553750725166175,44.72593176849382,0.01782781895667235,-1230119.508010392,-69,34,0.2869438106658998
삼양이노켐_군산_BPA_2012,삼양이노켐,군산,BPA,EE_001,2025,1.0,180.0,41.19889728858001,29.45721156133471,0.011741685727245297,-810176.3151799255,-69,13,0.2288827627143333
금호피앤비화학_여수_Epoxy Resin_2019,금호피앤비화학,여수,Epoxy Resin,EE_001,2025,1.0,338.0,77.36237379744468,55.31409726517295,0.02204827653227173,-1521331.0807267493,-69,6,0.2288827627143333
국도화학_부산/익산/시흥_Epoxy Resin_1973,국도화학,부산/익산/시흥,Epoxy Resin,EE_001,2025,1.0,530.0,121.30786423859668,86.73512293059663,0.034572741308000046,-2385519.150252003,-69,52,0.2288827627143333
Bluecube케미칼_구미_Epoxy Resin_1990,Bluecube케미칼,구미,Epoxy Resin,EE_001,2025,1.0,52.0,11.901903661145337,8.509861117718916,0.0033920425434264202,-234050.93549642302,-69,35,0.2288827627143333
LG화학_여수_BPA_2005,LG화학,여수,BPA,EE_001,2025,1.0,330.0,75.53131169573001,54.004887862446964,0.021526423833283046,-1485323.2444965302,-69,20,0.2288827627143333
금호피앤비화학_여수_BPA_1991,금호피앤비화학,여수,BPA,EE_001,2025,1.0,450.0,102.99724322145002,73.64302890333677,0.02935421431811325,-2025440.7879498145,-69,34,0.2288827627143333
LG화학_대산_BPA_2013,LG화학,대산,BPA,EE_001,2025,1.0,165.0,37.76565584786501,27.002443931223485,0.010763211916641527,-742661.6222482654,-69,12,0.2288827627143333
금호피앤비화학_여수_아세톤_1980,금호피앤비화학,여수,아세톤,EE_001,2025,1.0,420.0,96.13076034002002,68.73349364311431,0.027397266696905703,-1890411.4020864936,-69,45,0.2288827627143333
LG화학_여수_아세톤_2005,LG화학,여수,아세톤,EE_001,2025,1.0,210.0,48.06538017001001,34.36674682155716,0.013698633348452852,-945205.7010432468,-69,20,0.2288827627143333
한화솔루션_여수_옥탄올_1997,한화솔루션,여수,옥탄올,EE_001,2025,1.0,152.0,34.79017993257867,24.87497865179375,0.009915201280784916,-684148.8883741592,-69,28,0.2288827627143333
LG화학_대산_아세톤_2013,LG화학,대산,아세톤,EE_001,2025,1.0,225.0,51.498621610725,36.82151445166838,0.014677107159056626,-1012720.3939749072,-69,12,0.2288827627143333
LG화학_여수_페놀_2005,LG화학,여수,페놀,EE_001,2025,1.0,350.0,80.10896695001668,57.27791136926193,0.02283105558075475,-1575342.8350720778,-69,20,0.2288827627143333
금호피앤비화학_여수_페놀_1980,금호피앤비화학,여수,페놀,EE_001,2025,1.0,680.0,155.6402786457467,111.28279923170889,0.044357479414037795,-3060666.079568608,-69,45,0.2288827627143333
LG화학_대산_페놀_2013,LG화학,대산,페놀,EE_001,2025,1.0,360.0,82.39779457716001,58.91442312266942,0.023483371454490594,-1620352.630359851,-69,12,0.2288827627143333
한국바스프_여수_MDI_1992,한국바스프,여수,MDI,EE_001,2025,1.0,250.0,57.22069067858334,40.91279383518709,0.01630789684339625,-1125244.8821943412,-69,33,0.2288827627143333
금호미쓰이화학_여수_MDI_1992,금호미쓰이화학,여수,MDI,EE_001,2025,1.0,610.0,139.61848525574337,99.82721695785652,0.039791268297886845,-2745597.5125541924,-69,33,0.2288827627143333
구다우케미칼_여수_MDI_2018,구다우케미칼,여수,MDI,EE_001,2025,1.0,30.0,6.866482881430002,4.9095352602224525,0.00195694762120755,-135029.38586332093,-69,7,0.2288827627143333
한화솔루션_여수_TDI_1981,한화솔루션,여수,TDI,EE_001,2025,1.0,150.0,34.332414407150004,24.547676301112254,0.009784738106037751,-675146.9293166049,-69,44,0.2288827627143333
한국바스프_여수_TDI_1988,한국바스프,여수,TDI,EE_001,2025,1.0,160.0,36.621242034293346,26.184188054519744,0.0104370539797736,-720156.7246043785,-69,37,0.2288827627143333
LG화학_나주_옥탄올_1982,LG화학,나주,옥탄올,EE_001,2025,1.0,125.0,28.61034533929167,20.456396917593544,0.008153948421698125,-562622.4410971706,-69,43,0.2288827627143333
금호석유화학_여수_PPG_1997,금호석유화학,여수,PPG,EE_001,2025,1.0,152.0,34.79017993257867,24.87497865179375,0.009915201280784916,-684148.8883741592,-69,28,0.2288827627143333
LG화학_나주_부탄올_1982,LG화학,나주,부탄올,EE_001,2025,1.0,55.0,12.588551949288336,9.000814643741162,0.003587737305547174,-247553.874082755,-69,43,0.2288827627143333
LXMMA_여수_PMMA_1991,LXMMA,여수,PMMA,EE_001,2025,1.0,120.0,27.46593152572001,19.63814104088981,0.0078277904848302,-540117.5434532837,-69,34,0.2288827627143333
코오롱인더스트리_여수_석유수지_2004,코오롱인더스트리,여수,석유수지,EE_001,2025,1.0,50.0,11.444138135716669,8.182558767037419,0.00326157936867925,-225048.97643886827,-69,21,0.2288827627143333
코오롱인더스트리_대산_석유수지_2014,코오롱인더스트리,대산,석유수지,EE_001,2025,1.0,87.0,19.91280035614701,14.237652254645113,0.005675148101501897,-391585.21900363086,-69,11,0.2288827627143333
OCI_포항_카본블랙(CB)_1981,OCI,포항,카본블랙(CB),EE_001,2025,1.0,40.0,9.155310508573336,6.546047013629936,0.0026092634949434,-180039.1811510946,-69,44,0.2288827627143333
오리온엔지니어드카본즈_여수_카본블랙(CB)_1979,오리온엔지니어드카본즈,여수,카본블랙(CB),EE_001,2025,1.0,170.0,38.91006966143667,27.820699807927223,0.011089369853509449,-765166.519892152,-69,46,0.2288827627143333
비틀라카본코리아_여수_카본블랙(CB)_1996,비틀라카본코리아,여수,카본블랙(CB),EE_001,2025,1.0,193.0,44.174373203866345,31.58467684076444,0.012589696363101904,-868689.0490540314,-69,29,0.2288827627143333
HD현대OCI_대산_카본블랙(CB)_2018,HD현대OCI,대산,카본블랙(CB),EE_001,2025,1.0,136.0,31.128055729149345,22.256559846341784,0.008871495882807562,-612133.2159137217,-69,7,0.2288827627143333
OCI_광양_카본블랙(CB)_1992,OCI,광양,카본블랙(CB),EE_001,2025,1.0,150.0,34.332414407150004,24.547676301112254,0.009784738106037751,-675146.9293166049,-69,33,0.2288827627143333
아케마_진해_PMMA_1999,아케마,진해,PMMA,EE_001,2025,1.0,100.0,22.888276271433337,16.365117534074837,0.0065231587373585,-450097.95287773653,-69,26,0.2288827627143333
롯데엠시시_여수_PMMA_2008,롯데엠시시,여수,PMMA,EE_001,2025,1.0,110.0,25.17710389857667,18.001629287482324,0.007175474611094348,-495107.74816551,-69,17,0.2288827627143333
한화솔루션_여수_부탄올_1997,한화솔루션,여수,부탄올,EE_001,2025,1.0,12.0,2.7465931525720007,1.9638141040889807,0.00078277904848302,-54011.75434532838,-69,28,0.2288827627143333
LXMMA_여수_MMA_2001,LXMMA,여수,MMA,EE_001,2025,1.0,260.0,59.50951830572668,42.54930558859458,0.016960212717132103,-1170254.6774821149,-69,24,0.2288827627143333
롯데케미칼_여수_MMA_2013,롯데케미칼,여수,MMA,EE_001,2025,1.0,50.0,11.444138135716669,8.182558767037419,0.00326157936867925,-225048.97643886827,-69,12,0.2288827627143333
롯데엠시시_여수_MMA_2009,롯데엠시시,여수,MMA,EE_001,2025,1.0,97.0,22.20162798329034,15.874164008052595,0.006327463975237745,-436595.0142914044,-69,16,0.2288827627143333
롯데엠시시_대산_MMA_1995,롯데엠시시,대산,MMA,EE_001,2025,1.0,90.0,20.599448644290003,14.728605780667355,0.0058708428636226485,-405088.15758996276,-69,30,0.2288827627143333
한국바스프_울산_PPG_1975,한국바스프,울산,PPG,EE_001,2025,1.0,119.0,27.23704876300567,19.474489865549057,0.007762558897456614,-535616.5639245064,-69,50,0.2288827627143333
KPX케미칼_울산_PPG_1990,KPX케미칼,울산,PPG,EE_001,2025,1.0,298.0,68.20706328887135,48.76805025154302,0.01943901303732833,-1341291.8995756547,-69,35,0.2288827627143333
피유코어_울산_PPG_1988,피유코어,울산,PPG,EE_001,2025,1.0,220.0,50.35420779715334,36.00325857496465,0.014350949222188696,-990215.49633102,-69,37,0.2288827627143333
코리아피티지_울산_MA_1992,코리아피티지,울산,MA,EE_001,2025,1.0,30.0,6.866482881430002,4.9095352602224525,0.00195694762120755,-135029.38586332093,-69,33,0.2288827627143333
OCI_군산_TDI_1990,OCI,군산,TDI,EE_001,2025,1.0,50.0,11.444138135716669,8.182558767037419,0.00326157936867925,-225048.97643886827,-69,35,0.2288827627143333
애경케미칼_울산_PA_1972,애경케미칼,울산,PA,EE_001,2025,1.0,210.0,48.06538017001001,34.36674682155716,0.013698633348452852,-945205.7010432468,-69,53,0.2288827627143333
용산케미칼_울산_MA_1976,용산케미칼,울산,MA,EE_001,2025,1.0,38.0,8.697544983144667,6.2187446629484375,0.002478800320196229,-171037.2220935398,-69,49,0.2288827627143333
LG화학_대산_SBR_1996,LG화학,대산,SBR,EE_001,2025,1.0,80.0,18.310621017146673,13.092094027259872,0.0052185269898868,-360078.3623021892,-69,29,0.2288827627143333
금호석유화학_울산_SB-Latex_1983,금호석유화학,울산,SB-Latex,EE_001,2025,1.0,85.0,19.455034830718336,13.910349903963612,0.005544684926754724,-382583.259946076,-69,42,0.2288827627143333
LG화학_대산_SB-Latex_1996,LG화학,대산,SB-Latex,EE_001,2025,1.0,20.0,4.577655254286668,3.273023506814968,0.0013046317474717,-90019.5905755473,-69,29,0.2288827627143333
애경케미칼_울산_MA_1988,애경케미칼,울산,MA,EE_001,2025,1.0,8.0,1.831062101714667,1.309209402725987,0.00052185269898868,-36007.83623021892,-69,37,0.2288827627143333
금호석유화학_여수_S-SBR_2012,금호석유화학,여수,S-SBR,EE_001,2025,1.0,123.0,28.152579813863007,20.129094566912052,0.008023485246950955,-553620.4820396159,-69,13,0.2288827627143333
LG화학_대산_S-SBR_2012,LG화학,대산,S-SBR,EE_001,2025,1.0,80.0,18.310621017146673,13.092094027259872,0.0052185269898868,-360078.3623021892,-69,13,0.2288827627143333
금호석유화학_울산_SBR_1973,금호석유화학,울산,SBR,EE_001,2025,1.0,183.0,41.88554557672301,29.948165087356955,0.011937380489366056,-823679.2537662578,-69,52,0.2288827627143333
태광산업_울산_AN_1997,태광산업,울산,AN,EE_001,2025,1.0,290.0,66.37600118715667,47.458840848817026,0.01891716033833965,-1305284.063345436,-69,28,0.2288827627143333
한솔케미칼_전주_SB-Latex_1996,한솔케미칼,전주,SB-Latex,EE_001,2025,1.0,60.0,13.732965762860005,9.819070520444905,0.0039138952424151,-270058.77172664186,-69,29,0.2288827627143333
동서석유화학_울산_AN_1972,동서석유화학,울산,AN,EE_001,2025,1.0,602.0,137.78742315402872,98.51800755513054,0.039269415598898176,-2709589.676323974,-69,53,0.2288827627143333
SK케미칼_울산_DMT_1989,SK케미칼,울산,DMT,EE_001,2025,1.0,160.0,36.621242034293346,26.184188054519744,0.0104370539797736,-720156.7246043785,-69,36,0.2288827627143333
카프로_울산_CPLM_1974,카프로,울산,CPLM,EE_001,2025,1.0,270.0,61.79834593287001,44.18581734200207,0.017612528590867947,-1215264.4727698884,-69,51,0.2288827627143333
롯데케미칼_여수_PC_2008,롯데케미칼,여수,PC,EE_001,2025,1.0,480.0,109.86372610288004,78.55256416355924,0.0313111619393208,-2160470.173813135,-69,17,0.2288827627143333
LG화학_여수_PC_2001,LG화학,여수,PC,EE_001,2025,1.0,170.0,38.91006966143667,27.820699807927223,0.011089369853509449,-765166.519892152,-69,24,0.2288827627143333
삼양화성_전주_PC_1999,삼양화성,전주,PC,EE_001,2025,1.0,120.0,27.46593152572001,19.63814104088981,0.0078277904848302,-540117.5434532837,-69,26,0.2288827627143333
한국트린지오_울산_SB-Latex_1990,한국트린지오,울산,SB-Latex,EE_001,2025,1.0,43.0,9.841958796716334,7.03700053965218,0.002804958257064154,-193542.11973742663,-69,35,0.2288827627143333
롯데베르살리스엘라스토머스_여수_S-SBR_2018,롯데베르살리스엘라스토머스,여수,S-SBR,EE_001,2025,1.0,100.0,22.888276271433337,16.365117534074837,0.0065231587373585,-450097.95287773653,-69,7,0.2288827627143333
LG화학_대산_BR_1996,LG화학,대산,BR,EE_001,2025,1.0,220.0,50.35420779715334,36.00325857496465,0.014350949222188696,-990215.49633102,-69,29,0.2288827627143333
롯데이네오스화학_울산_초산_1991,롯데이네오스화학,울산,초산,EE_001,2025,1.0,710.0,162.50676152717674,116.19233449193138,0.04631442703524536,-3195695.46543193,-69,34,0.2288827627143333
OCI_포항_PA_1983,OCI,포항,PA,EE_001,2025,1.0,60.0,13.732965762860005,9.819070520444905,0.0039138952424151,-270058.77172664186,-69,42,0.2288827627143333
이수화학_울산_알킬벤젠_1973,이수화학,울산,알킬벤젠,EE_001,2025,1.0,180.0,41.19889728858001,29.45721156133471,0.011741685727245297,-810176.3151799255,-69,52,0.2288827627143333
한국알콜산업_울산_초산에틸_1989,한국알콜산업,울산,초산에틸,EE_001,2025,1.0,123.0,28.152579813863007,20.129094566912052,0.008023485246950955,-553620.4820396159,-69,36,0.2288827627143333
금호석유화학_여수_BR_1980,금호석유화학,여수,BR,EE_001,2025,1.0,275.0,62.94275974644168,45.004073218705805,0.017938686527735875,-1237769.3704137753,-69,45,0.2288827627143333
한국알콜산업_울산_에탄올_1974,한국알콜산업,울산,에탄올,EE_001,2025,1.0,70.0,16.021793390003335,11.455582273852386,0.00456621111615095,-315068.5670144156,-69,51,0.2288827627143333
롯데이네오스화학_울산_초산비닐_1996,롯데이네오스화학,울산,초산비닐,EE_001,2025,1.0,460.0,105.28607084859334,75.27954065674425,0.030006530191849096,-2070450.5832375877,-69,29,0.2288827627143333
한화솔루션_여수_석유수지_2019,한화솔루션,여수,석유수지,EE_001,2025,1.0,86.0,19.683917593432668,14.07400107930436,0.005609916514128308,-387084.23947485327,-69,6,0.2288827627143333
롯데베르살리스엘라스토머스_여수_EPDM_2018,롯데베르살리스엘라스토머스,여수,EPDM,EE_001,2025,1.0,96.0,21.972745220576005,15.710512832711846,0.00626223238786416,-432094.03476262704,-69,7,0.2288827627143333
금호폴리켐_여수_EPDM_1987,금호폴리켐,여수,EPDM,EE_001,2025,1.0,310.0,70.95365644144336,50.731864355632005,0.02022179208581135,-1395303.6539209832,-69,38,0.2288827627143333
한솔케미칼_전주_NB-Latex_2021,한솔케미칼,전주,NB-Latex,EE_001,2025,1.0,28.0,6.408717356001335,4.582232909540955,0.0018264844464603803,-126027.42680576626,-69,4,0.2288827627143333
금호석유화학_울산_NB-Latex_2012,금호석유화학,울산,NB-Latex,EE_001,2025,1.0,946.0,216.5230935277594,154.814011872348,0.06170908165541141,-4257926.634223387,-69,13,0.2288827627143333
LG화학_여수_NB-Latex_2008,LG화학,여수,NB-Latex,EE_001,2025,1.0,205.0,46.92096635643834,33.54849094485342,0.013372475411584922,-922700.8033993597,-69,17,0.2288827627143333
금호석유화학_울산_NBR_1987,금호석유화학,울산,NBR,EE_001,2025,1.0,92.0,21.057214169718673,15.055908131348852,0.006001306038369821,-414090.11664751766,-69,38,0.2288827627143333
LG화학_대산_NBR_1996,LG화학,대산,NBR,EE_001,2025,1.0,65.0,14.87737957643167,10.637326397148644,0.004240053179283026,-292563.6693705287,-69,29,0.2288827627143333
한국이네오스스티롤루션_울산_ABS_1990,한국이네오스스티롤루션,울산,ABS,EE_001,2025,0.3576086956521106,98.69999999998254,17.55915589455546,12.554796464607154,0.005004359429948305,-345300.80066643306,-69,35,0.1779043150411201
롯데케미칼_대산_Ethylene_1991,롯데케미칼,대산,Ethylene,ETH_003,2030,1.0,1100.0,1308.8088206914956,1285.9046663293946,0.022904154362101053,5817655.207973667,254,34,1.1898262006286326
HD현대케미칼_대산_Ethylene_2021,HD현대케미칼,대산,Ethylene,ETH_003,2030,0.34772549019607835,295.5666666666666,351.6729640324694,345.5186871619012,0.006154276870568197,1563186.325124322,254,4,1.1898262006286326
롯데케미칼_대산_Ethylene_1991,롯데케미칼,대산,Ethylene,ETH_004,2035,1.0,1100.0,1308.8088206914956,1210.6481591396334,0.09816066155186218,35239677.49711852,359,34,1.1898262006286326
HD현대케미칼_대산_Ethylene_2021,HD현대케미칼,대산,Ethylene,ETH_004,2035,1.0,850.0,1011.3522705343375,935.5008502442623,0.07585142029007523,27230659.88413701,359,4,1.1898262006286326
한화토탈에너지스_대산_Ethylene_1991,한화토탈에너지스,대산,Ethylene,ETH_004,2035,1.0,1525.0,1814.4849559586648,1678.398584261765,0.13608637169689974,48855007.439187005,359,34,1.1898262006286326
롯데케미칼_여수_Ethylene_1992,롯데케미칼,여수,Ethylene,ETH_004,2035,1.0,1230.0,1463.486226773218,1353.7247597652267,0.10976146700799132,39404366.65586888,359,33,1.1898262006286326
LG화학_대산_Ethylene_1991,LG화학,대산,Ethylene,ETH_004,2035,0.9815384615384616,1276.0,1518.218232002135,1404.351864601975,0.11386636740016001,40878025.896657445,359,34,1.1898262006286324
롯데케미칼_대산_Ethylene_1991,롯데케미칼,대산,Ethylene,H2_001,2040,1.0,1100.0,1308.8088206914956,1282.4974920980103,0.026311328593485315,13234598.282523112,503,34,1.1898262006286326
한화토탈에너지스_대산_Ethylene_1991,한화토탈에너지스,대산,Ethylene,H2_001,2040,1.0,1525.0,1814.4849559586648,1778.0078867722418,0.036477069186423024,18347965.80077078,503,34,1.1898262006286326
롯데케미칼_여수_Ethylene_1992,롯데케미칼,여수,Ethylene,H2_001,2040,1.0,1230.0,1463.486226773218,1434.0653775277754,0.029420849245442696,14798687.170457676,503,33,1.1898262006286326
HD현대케미칼_대산_Ethylene_2021,HD현대케미칼,대산,Ethylene,H2_001,2040,1.0,850.0,1011.3522705343375,991.0207893484625,0.020331481185875078,10226735.036495164,503,4,1.1898262006286326
LG화학_대산_Ethylene_1991,LG화학,대산,Ethylene,H2_001,2040,1.0,1300.0,1546.774060817222,1515.6788542976485,0.031095206519573593,15640888.879345518,503,34,1.1898262006286324
여천NCC_여수_Ethylene_1979,여천NCC,여수,Ethylene,H2_001,2040,0.8934847534196935,2041.6126615639996,2429.164236264003,2380.3301075376116,0.048834128726391555,24563566.749374952,503,46,1.1898262006286324
롯데케미칼_대산_Ethylene_1991,롯데케미칼,대산,Ethylene,HP_001,2030,1.0,1100.0,1308.8088206914956,1215.7476259655868,0.09306119472590876,930611.9472590877,10,34,1.1898262006286326
한화토탈에너지스_대산_Ethylene_1991,한화토탈에너지스,대산,Ethylene,HP_001,2030,1.0,1525.0,1814.4849559586648,1685.4682996341096,0.12901665632455525,1290166.5632455526,10,34,1.1898262006286326
롯데케미칼_여수_Ethylene_1992,롯데케미칼,여수,Ethylene,HP_001,2030,1.0,1230.0,1463.486226773218,1359.426890852429,0.10405933592078895,1040593.3592078895,10,33,1.1898262006286326
HD현대케미칼_대산_Ethylene_2021,HD현대케미칼,대산,Ethylene,HP_001,2030,1.0,850.0,1011.3522705343375,939.4413473370445,0.07191092319729307,719109.2319729307,10,4,1.1898262006286326
LG화학_대산_Ethylene_1991,LG화학,대산,Ethylene,HP_001,2030,1.0,1300.0,1546.774060817222,1436.7926488684209,0.10998141194880122,1099814.1194880123,10,34,1.1898262006286324
여천NCC_여수_Ethylene_1979,여천NCC,여수,Ethylene,HP_001,2030,1.0,2285.0,2718.7528684364247,2525.439386664878,0.19331348177154678,1933134.8177154677,10,46,1.1898262006286324
GS칼텍스_여수_Ethylene_2021,GS칼텍스,여수,Ethylene,HP_001,2030,1.0,900.0,1070.8435805657691,994.7026030627529,0.07614097750301618,761409.7750301618,10,4,1.1898262006286324
대한유화_온산_Ethylene_1991,대한유화,온산,Ethylene,HP_001,2030,1.0,900.0,1070.8435805657691,994.7026030627529,0.07614097750301618,761409.7750301618,10,34,1.1898262006286324
SK지오센트릭_울산_Ethylene_1989,SK지오센트릭,울산,Ethylene,HP_001,2030,1.0,660.0,785.2852924148975,729.4485755793523,0.05583671683554519,558367.1683554519,10,36,1.1898262006286324
LG화학_여수_Ethylene_2021,LG화학,여수,Ethylene,HP_001,2030,1.0,1030.0,1225.520986647491,1138.3818679495948,0.08713911869789627,871391.1869789626,10,4,1.1898262006286322
S-Oil_온산_Ethylene_2018,S-Oil,온산,Ethylene,HP_001,2030,1.0,182.0,216.54836851441107,201.1509708415789,0.01539739767283217,153973.9767283217,10,7,1.1898262006286322
롯데케미칼_울산_M-X_1998,롯데케미칼,울산,M-X,HP_001,2030,1.0,360.0,418.6088532917559,388.8442005828971,0.029764652708858818,297646.52708858816,10,27,1.1628023702548775
롯데케미칼_울산_O-X_1980,롯데케미칼,울산,O-X,HP_001,2030,1.0,210.0,214.40941266163108,199.16410273758143,0.01524530992404965,152453.0992404965,10,45,1.020997203150624
SK지오센트릭_울산_O-X_1990,SK지오센트릭,울산,O-X,HP_001,2030,1.0,200.0,204.19944063012483,189.68009784531566,0.014519342784809168,145193.4278480917,10,35,1.020997203150624
롯데케미칼_대산_LDPE_2005,롯데케미칼,대산,LDPE,HP_001,2030,1.0,500.0,389.0416852153865,361.37936857146565,0.02766231664392086,276623.1664392086,10,20,0.778083370430773
HD현대케미칼_대산_LDPE_2021,HD현대케미칼,대산,LDPE,HP_001,2030,1.0,300.0,233.4250111292319,216.8276211428794,0.01659738998635251,165973.89986352512,10,4,0.778083370430773
LG화학_대산_LDPE_2006,LG화학,대산,LDPE,HP_001,2030,1.0,280.0,217.86334372061643,202.37244640002075,0.015490897320595678,154908.97320595678,10,19,0.778083370430773
LG화학_여수_LDPE_1990,LG화학,여수,LDPE,HP_001,2030,1.0,180.0,140.05500667753915,130.09657268572766,0.00995843399181149,99584.3399181149,10,35,0.778083370430773
한화솔루션_여수_LDPE_1979,한화솔루션,여수,LDPE,HP_001,2030,1.0,337.0,262.2140958351705,243.56969441716785,0.018644401418002644,186444.01418002642,10,46,0.778083370430773
롯데케미칼_울산_LDPE_1972,롯데케미칼,울산,LDPE,HP_001,2030,1.0,120.0,93.37000445169278,86.73104845715177,0.006638955994541007,66389.55994541007,10,53,0.778083370430773
한화토탈에너지스_대산_LDPE_1991,한화토탈에너지스,대산,LDPE,HP_001,2030,1.0,435.0,338.46626613738624,314.4000506571751,0.024066215480211157,240662.15480211156,10,34,0.7780833704307729
HD현대오일뱅크_대산_Propylene_2011,HD현대오일뱅크,대산,Propylene,HP_001,2030,1.0,420.0,267.69970555334856,248.665256799094,0.019034448754254554,190344.48754254554,10,14,0.6373802513174966
롯데케미칼_대산_Propylene_1997,롯데케미칼,대산,Propylene,HP_001,2030,1.0,550.0,350.5591382246231,325.63307437976596,0.02492606384485714,249260.6384485714,10,28,0.6373802513174966
효성화학_울산_Propylene_1991,효성화학,울산,Propylene,HP_001,2030,1.0,500.0,318.69012565874834,296.0300676179691,0.022660058040779234,226600.58040779235,10,34,0.6373802513174966
롯데케미칼_여수_Propylene_1992,롯데케미칼,여수,Propylene,HP_001,2030,1.0,641.0,408.5607410945153,379.51054668623635,0.029050194408278968,290501.94408278965,10,33,0.6373802513174966
대한유화_온산_Propylene_1991,대한유화,온산,Propylene,HP_001,2030,1.0,560.0,356.9329407377981,331.5536757321254,0.02537926500567272,253792.6500567272,10,34,0.6373802513174966
S-Oil_온산_Propylene_2018,S-Oil,온산,Propylene,HP_001,2030,1.0,840.0,535.3994111066971,497.330513598188,0.03806889750850911,380688.9750850911,10,7,0.6373802513174966
SK에너지_울산_Propylene_1996,SK에너지,울산,Propylene,HP_001,2030,1.0,620.0,395.1757558168478,367.0772838462816,0.028098471970566207,280984.71970566205,10,29,0.6373802513174966
SK지오센트릭_울산_Propylene_1989,SK지오센트릭,울산,Propylene,HP_001,2030,1.0,380.0,242.20449550064868,224.98285138965647,0.017221644110992203,172216.44110992202,10,36,0.6373802513174965
태광산업_울산_Propylene_1997,태광산업,울산,Propylene,HP_001,2030,1.0,300.0,191.21407539524895,177.61804057078143,0.013596034824467524,135960.34824467523,10,28,0.6373802513174965
LG화학_여수_Propylene_2021,LG화학,여수,Propylene,HP_001,2030,1.0,1300.0,828.5943267127454,769.6781758067195,0.05891615090602591,589161.5090602591,10,4,0.6373802513174965
여천NCC_여수_Propylene_1979,여천NCC,여수,Propylene,HP_001,2030,1.0,1289.0,821.5831439482532,763.1655143191244,0.05841762962912878,584176.2962912879,10,46,0.6373802513174965
GS칼텍스_여수_Propylene_2021,GS칼텍스,여수,Propylene,HP_001,2030,1.0,970.0,618.2588437779716,574.2983311788599,0.04396051259911166,439605.1259911166,10,4,0.6373802513174965
SK어드밴스드_울산_Propylene_2016,SK어드밴스드,울산,Propylene,HP_001,2030,1.0,600.0,382.4281507904979,355.23608114156286,0.027192069648935047,271920.69648935046,10,9,0.6373802513174965
LG화학_대산_Propylene_1991,LG화학,대산,Propylene,HP_001,2030,1.0,680.0,433.4185708958977,402.60089196043793,0.030817678935459752,308176.7893545975,10,34,0.6373802513174965
한화토탈에너지스_대산_Propylene_1991,한화토탈에너지스,대산,Propylene,HP_001,2030,1.0,1064.0,678.1725874018163,629.9519838910381,0.04822060351077812,482206.0351077812,10,34,0.6373802513174965
HD현대케미칼_대산_Propylene_2021,HD현대케미칼,대산,Propylene,HP_001,2030,1.0,451.0,287.4584933441909,267.01912099140804,0.02043937235278287,204393.7235278287,10,4,0.6373802513174965
한화토탈에너지스_대산_L-LDPE_2004,한화토탈에너지스,대산,L-LDPE,HP_001,2030,1.0,530.0,327.7144641722758,304.4127419629772,0.023301722209298645,233017.22209298646,10,21,0.6183291776835391
LG화학_대산_L-LDPE_2006,LG화학,대산,L-LDPE,HP_001,2030,1.0,125.0,77.2911472104424,71.79545801013612,0.005495689200306288,54956.89200306288,10,19,0.6183291776835391
SK지오센트릭_울산_L-LDPE_1990,SK지오센트릭,울산,L-LDPE,HP_001,2030,1.0,550.0,340.0810477259465,315.9000152445989,0.024181032481347644,241810.32481347644,10,35,0.6183291776835391
롯데케미칼_여수_L-LDPE_2019,롯데케미칼,여수,L-LDPE,HP_001,2030,1.0,600.0,370.9975066101234,344.6181984486533,0.026379308161470136,263793.08161470137,10,6,0.6183291776835391
한화솔루션_여수_L-LDPE_1986,한화솔루션,여수,L-LDPE,HP_001,2030,1.0,288.0,178.0788031728593,165.41673525535361,0.01266206791750568,126620.6791750568,10,39,0.6183291776835391
LG화학_여수_L-LDPE_2021,LG화학,여수,L-LDPE,HP_001,2030,1.0,425.0,262.78990051550414,244.1045572344628,0.018685343281041353,186853.43281041353,10,4,0.6183291776835391
DL케미칼_여수_L-LDPE_2010,DL케미칼,여수,L-LDPE,HP_001,2030,1.0,10.0,6.183291776835391,5.743636640810888,0.0004396551360245029,4396.551360245029,10,15,0.618329177683539
SSNC_울산_L-LDPE_2015,SSNC,울산,L-LDPE,HP_001,2030,1.0,180.0,111.29925198303702,103.38545953459598,0.007913792448441044,79137.92448441044,10,10,0.618329177683539
HD현대케미칼_대산_HDPE_2021,HD현대케미칼,대산,HDPE,HP_001,2030,1.0,575.0,334.77064067143215,310.96719796267854,0.02380344270875361,238034.42708753608,10,4,0.58220980986336
DL케미칼_여수_HDPE_1980,DL케미칼,여수,HDPE,HP_001,2030,1.0,630.0,366.7921802139168,340.7118864634564,0.02608029375046044,260802.93750460443,10,45,0.58220980986336
롯데케미칼_여수_HDPE_1992,롯데케미칼,여수,HDPE,HP_001,2030,1.0,360.0,209.5955315508096,194.69250655054648,0.014903025000263113,149030.25000263113,10,33,0.58220980986336
LG화학_여수_HDPE_1992,LG화학,여수,HDPE,HP_001,2030,1.0,500.0,291.10490493168,270.4062590979812,0.02069864583369878,206986.4583369878,10,33,0.58220980986336
GS칼텍스_여수_HDPE_2021,GS칼텍스,여수,HDPE,HP_001,2030,1.0,650.0,378.4363764111841,351.5281368273757,0.02690823958380838,269082.3958380838,10,4,0.58220980986336
대한유화_온산_HDPE_1976,대한유화,온산,HDPE,HP_001,2030,1.0,210.0,122.26406007130564,113.57062882115216,0.008693431250153481,86934.31250153482,10,49,0.58220980986336
SK지오센트릭_울산_HDPE_1990,SK지오센트릭,울산,HDPE,HP_001,2030,1.0,490.0,285.28280683304644,264.99813391602163,0.020284672917024807,202846.72917024806,10,35,0.58220980986336
한화토탈에너지스_대산_HDPE_1991,한화토탈에너지스,대산,HDPE,HP_001,2030,1.0,180.0,104.7977657754048,97.34625327527324,0.007451512500131556,74515.12500131557,10,34,0.58220980986336
금호석유화학_울산_PS_1973,금호석유화학,울산,PS,HP_001,2030,1.0,265.0,154.28559961379042,143.31531732193008,0.010970282291860343,109702.82291860342,10,52,0.5822098098633599
LG화학_여수_PS_1984,LG화학,여수,PS,HP_001,2030,1.0,40.0,23.2883923945344,21.6325007278385,0.0016558916666959008,16558.91666695901,10,41,0.5822098098633599
HDC현대EP_울산_PS_1989,HDC현대EP,울산,PS,HP_001,2030,1.0,148.0,86.16705185977729,80.04025269300246,0.0061267991667748305,61267.99166774831,10,36,0.5822098098633599
한국이네오스스티롤루션_울산_PS_1985,한국이네오스스티롤루션,울산,PS,HP_001,2030,1.0,266.0,154.86780942365377,143.85612984012602,0.011011679583527752,110116.79583527752,10,40,0.5822098098633599
SK지오센트릭_울산_톨루엔_2070,SK지오센트릭,울산,톨루엔,HP_001,2030,1.0,1506.0,861.2362473461536,799.9991339861244,0.06123711336002918,612371.1336002918,10,-45,0.5718700181581365
롯데케미칼_대산_톨루엔_2011,롯데케미칼,대산,톨루엔,HP_001,2030,1.0,120.0,68.62440217897637,63.74495091522902,0.0048794512637473485,48794.51263747349,10,14,0.5718700181581364
LG화학_대산_톨루엔_2011,LG화학,대산,톨루엔,HP_001,2030,1.0,100.0,57.18700181581364,53.120792429357515,0.004066209386456123,40662.093864561226,10,14,0.5718700181581364
롯데케미칼_여수_톨루엔_1992,롯데케미칼,여수,톨루엔,HP_001,2030,1.0,220.0,125.81140399479,116.86574334458653,0.008945660650203465,89456.60650203466,10,33,0.5718700181581364
여천NCC_여수_톨루엔_1979,여천NCC,여수,톨루엔,HP_001,2030,1.0,282.0,161.26734512059448,149.80063465078823,0.011466710469806258,114667.10469806257,10,46,0.5718700181581364
GS칼텍스_여수_톨루엔_1990,GS칼텍스,여수,톨루엔,HP_001,2030,1.0,170.0,97.21790308688318,90.30534712990777,0.00691255595697541,69125.55956975411,10,35,0.5718700181581364
대한유화_온산_톨루엔_2008,대한유화,온산,톨루엔,HP_001,2030,1.0,78.0,44.60586141633464,41.43421809489887,0.0031716433214357734,31716.433214357734,10,17,0.5718700181581364
S-Oil_온산_톨루엔_1991,S-Oil,온산,톨루엔,HP_001,2030,1.0,300.0,171.5610054474409,159.36237728807254,0.012198628159368355,121986.28159368355,10,34,0.5718700181581364
OCI_광양_톨루엔_1995,OCI,광양,톨루엔,HP_001,2030,1.0,40.0,22.874800726325457,21.24831697174301,0.0016264837545824484,16264.837545824483,10,30,0.5718700181581363
LG화학_여수_톨루엔_1992,LG화학,여수,톨루엔,HP_001,2030,1.0,112.0,64.04944203371127,59.49528752088042,0.004554154512830855,45541.54512830856,10,33,0.5718700181581363
한화솔루션_울산_PVC_2066,한화솔루션,울산,PVC,HP_001,2030,1.0,330.0,184.1878954483726,171.0914482564747,0.01309644719189788,130964.47191897882,10,-41,0.5581451377223412
LG화학_대산_PVC_1998,LG화학,대산,PVC,HP_001,2030,1.0,240.0,133.9548330533619,124.43014418652709,0.009524688866834823,95246.88866834823,10,27,0.5581451377223412
한화솔루션_여수_PVC_1990,한화솔루션,여수,PVC,HP_001,2030,1.0,480.0,267.9096661067238,248.86028837305417,0.019049377733669645,190493.77733669645,10,35,0.5581451377223412
LG화학_여수_PVC_1976,LG화학,여수,PVC,HP_001,2030,1.0,450.0,251.16531197505353,233.30652034973824,0.01785879162531529,178587.91625315291,10,49,0.5581451377223412
울산아로마틱스_울산_P-X_2014,울산아로마틱스,울산,P-X,HP_001,2030,1.0,1000.0,543.1440172460224,504.5244493197922,0.03861956792623016,386195.67926230165,10,11,0.5431440172460223
롯데케미칼_울산_P-X_1980,롯데케미칼,울산,P-X,HP_001,2030,1.0,750.0,407.35801293451686,378.3933369898442,0.028964675944672648,289646.7594467265,10,45,0.5431440172460223
S-Oil_온산_P-X_1997,S-Oil,온산,P-X,HP_001,2030,1.0,1900.0,1031.9736327674427,958.5964537076054,0.07337717905983732,733771.7905983732,10,28,0.5431440172460223
GS칼텍스_여수_P-X_1990,GS칼텍스,여수,P-X,HP_001,2030,1.0,1350.0,733.2444232821302,681.1080065817196,0.05213641670041068,521364.1670041068,10,35,0.5431440172460223
HD현대오일뱅크_대산_P-X_1997,HD현대오일뱅크,대산,P-X,HP_001,2030,1.0,1460.0,792.9902651791926,736.6056960068967,0.056384569172295985,563845.6917229599,10,28,0.5431440172460223
한화토탈에너지스_대산_P-X_1997,한화토탈에너지스,대산,P-X,HP_001,2030,1.0,2000.0,1086.288034492045,1009.0488986395846,0.07723913585246032,772391.3585246033,10,28,0.5431440172460223
SK인천석유화학_인천_P-X_2014,SK인천석유화학,인천,P-X,HP_001,2030,0.9199384478906674,1379.907671836001,749.4885963096117,696.1971582452151,0.05329143806439663,532914.3806439664,10,11,0.5431440172460223
HD현대케미칼_대산_HDPE_2021,HD현대케미칼,대산,HDPE,PE_001,2035,1.0,575.0,334.77064067143215,323.053668247932,0.011716972423500125,4229827.0448835455,361,4,0.58220980986336
한화토탈에너지스_대산_HDPE_1991,한화토탈에너지스,대산,HDPE,PE_001,2035,1.0,180.0,104.7977657754048,101.12984397326562,0.003667921802139176,1324119.7705722426,361,34,0.58220980986336
DL케미칼_여수_HDPE_1980,DL케미칼,여수,HDPE,PE_001,2035,1.0,630.0,366.7921802139168,353.9544539064297,0.012837726307487116,4634419.197002849,361,45,0.58220980986336
롯데케미칼_여수_HDPE_1992,롯데케미칼,여수,HDPE,PE_001,2035,1.0,360.0,209.5955315508096,202.25968794653124,0.007335843604278352,2648239.541144485,361,33,0.58220980986336
LG화학_여수_HDPE_1992,LG화학,여수,HDPE,PE_001,2035,1.0,500.0,291.10490493168,280.9162332590712,0.010188671672608791,3678110.4738117736,361,33,0.58220980986336
GS칼텍스_여수_HDPE_2021,GS칼텍스,여수,HDPE,PE_001,2035,0.4176923076923077,271.5,158.06996337790227,152.53751465967568,0.00553244871822659,1997213.9872797988,361,4,0.58220980986336
HD현대케미칼_대산_LDPE_2021,HD현대케미칼,대산,LDPE,PE_002,2030,1.0,300.0,233.4250111292319,226.59076988294328,0.006834241246288627,1428356.4204743232,209,4,0.778083370430773
LG화학_대산_LDPE_2006,LG화학,대산,LDPE,PE_002,2030,1.0,280.0,217.86334372061643,211.48471855741371,0.006378625163202713,1333132.659109367,209,19,0.778083370430773
LG화학_여수_LDPE_1990,LG화학,여수,LDPE,PE_002,2030,1.0,180.0,140.05500667753915,135.95446192976598,0.004100544747773171,857013.8522845927,209,35,0.778083370430773
한화솔루션_여수_LDPE_1979,한화솔루션,여수,LDPE,PE_002,2030,1.0,337.0,262.2140958351705,254.53696483517294,0.007677130999997559,1604520.3789994898,209,46,0.778083370430773
롯데케미칼_울산_LDPE_1972,롯데케미칼,울산,LDPE,PE_002,2030,1.0,120.0,93.37000445169278,90.63630795317734,0.0027336964985154423,571342.5681897274,209,53,0.778083370430773
롯데케미칼_대산_LDPE_2005,롯데케미칼,대산,LDPE,PE_002,2030,0.08625900581333326,43.12950290666663,33.558348986622995,32.57582422763411,0.0009825247589888874,205347.67462867746,209,20,0.778083370430773
롯데케미칼_대산_PP_2005,롯데케미칼,대산,PP,PP_001,2035,1.0,500.0,177.5571993941957,174.36116980510016,0.003196029589095531,1294391.9835836901,405,20,0.3551143987883914
HD현대케미칼_대산_PP_2021,HD현대케미칼,대산,PP,PP_001,2035,1.0,380.0,134.94347153958876,132.51448905187615,0.002428982487712602,983737.9075236039,405,4,0.3551143987883914
LG화학_대산_PP_2006,LG화학,대산,PP,PP_001,2035,1.0,1117.0,396.6627834466332,389.52285334459384,0.0071399301020393866,2891671.691325952,405,19,0.3551143987883914
한화토탈에너지스_대산_PP_1991,한화토탈에너지스,대산,PP,PP_001,2035,1.0,600.0,213.06863927303488,209.23340376612023,0.003835235506914643,1553270.3803004303,405,34,0.3551143987883914
롯데케미칼_여수_PP_1979,롯데케미칼,여수,PP,PP_001,2035,0.30722222222222073,55.29999999999973,19.63782625299795,19.284345380443987,0.00035348087255396266,143159.75338435487,405,46,0.3551143987883914
롯데케미칼_대산_Propylene_1997,롯데케미칼,대산,Propylene,PROP_001,2030,1.0,550.0,350.5591382246231,338.00869799336886,0.012550440231254243,4869570.809726646,388,28,0.6373802513174966
HD현대오일뱅크_대산_Propylene_2011,HD현대오일뱅크,대산,Propylene,PROP_001,2030,1.0,420.0,267.69970555334856,258.1157330131181,0.00958397254023049,3718581.34560943,388,14,0.6373802513174966
롯데케미칼_여수_Propylene_1992,롯데케미칼,여수,Propylene,PROP_001,2030,1.0,641.0,408.5607410945153,393.93377347954447,0.014626967614970851,5675263.43460869,388,33,0.6373802513174966
대한유화_온산_Propylene_1991,대한유화,온산,Propylene,PROP_001,2030,1.0,560.0,356.9329407377981,344.1543106841574,0.01277863005364071,4958108.460812596,388,34,0.6373802513174966
S-Oil_온산_Propylene_2018,S-Oil,온산,Propylene,PROP_001,2030,1.0,840.0,535.3994111066971,516.2314660262361,0.01916794508046098,7437162.69121886,388,7,0.6373802513174966
SK에너지_울산_Propylene_1996,SK에너지,울산,Propylene,PROP_001,2030,0.5161354141827954,320.00395679333315,203.96420240352796,196.66203779716506,0.007302164606362908,2833239.867268808,388,29,0.6373802513174966
롯데케미칼_대산_Propylene_1997,롯데케미칼,대산,Propylene,PROP_002,2030,1.0,550.0,350.5591382246231,344.2490737365799,0.0063100644880432245,1665857.0248434113,264,28,0.6373802513174966
HD현대오일뱅크_대산_Propylene_2011,HD현대오일뱅크,대산,Propylene,PROP_002,2030,1.0,420.0,267.69970555334856,262.8811108533883,0.004818594699960272,1272109.0007895117,264,14,0.6373802513174966
롯데케미칼_여수_Propylene_1992,롯데케미칼,여수,Propylene,PROP_002,2030,1.0,641.0,408.5607410945153,401.206647754814,0.007354093339701308,1941480.6416811452,264,33,0.6373802513174966
대한유화_온산_Propylene_1991,대한유화,온산,Propylene,PROP_002,2030,0.11383928571428571,63.75,40.63299102149041,39.90159718310358,0.000731393838386829,193087.97333412286,264,34,0.6373802513174966
한화임팩트_대산_TPA_1997,한화임팩트,대산,TPA,TPA_001,2030,1.0,700.0,238.72258241980936,234.9030211010924,0.00381956131871695,653144.9855005984,171,28,0.3410322605997277
삼남석유화학_여수_TPA_1990,삼남석유화학,여수,TPA,TPA_001,2030,1.0,1500.0,511.54839089959154,503.3636166451981,0.00818477425439346,1399596.3975012817,171,35,0.3410322605997277
한화임팩트_울산_TPA_1995,한화임팩트,울산,TPA,TPA_001,2030,1.0,1300.0,443.34193877964606,436.2484677591717,0.00709347102047434,1212983.544501112,171,30,0.3410322605997277
태광산업_울산_TPA_1980,태광산업,울산,TPA,TPA_001,2030,0.4360000000000009,436.0000000000009,148.69006562148158,146.31102457153787,0.0023790410499437086,406816.01954037417,171,45,0.3410322605997277
