FacilityID,Company,Location,Product,TechID,TransitionFraction,CapacityTransitioned_kt,EmissionsBefore_ktCO2,EmissionsAfter_ktCO2,AbatementMtCO2,AnnualCostUSD,CostPerTonCO2,StartYear,FacilityAge
롯데케미칼_대산_Ethylene_1991,롯데케미칼,대산,Ethylene,EE_001,1.0,1100.0,1308.8088206914956,935.7983067944197,0.37301051389707596,-25737725.45889824,-69,1991,39
한화토탈에너지스_대산_Ethylene_1991,한화토탈에너지스,대산,Ethylene,EE_001,1.0,1525.0,1814.4849559586648,1297.3567435104455,0.5171282124482193,-35681846.65892713,-69,1991,39
롯데케미칼_여수_Ethylene_1992,롯데케미칼,여수,Ethylene,EE_001,1.0,1230.0,1463.486226773218,1046.3926521428511,0.4170935746303669,-28779456.649495315,-69,1992,38
HD현대케미칼_대산_Ethylene_2021,HD현대케미칼,대산,Ethylene,EE_001,1.0,850.0,1011.3522705343375,723.1168734320515,0.288235397102286,-19888242.400057733,-69,2021,9
LG화학_대산_Ethylene_1991,LG화학,대산,Ethylene,EE_001,1.0,1300.0,1546.774060817222,1105.943453484314,0.44083060733290813,-30417311.90597066,-69,1991,39
여천NCC_여수_Ethylene_1979,여천NCC,여수,Ethylene,EE_001,1.0,2285.0,2718.7528684364247,1943.9083009320443,0.7748445675043804,-53464275.15780224,-69,1979,51
GS칼텍스_여수_Ethylene_2021,GS칼텍스,여수,Ethylene,EE_001,1.0,900.0,1070.8435805657691,765.6531601045251,0.305190420461244,-21058139.011825837,-69,2021,9
대한유화_온산_Ethylene_1991,대한유화,온산,Ethylene,EE_001,1.0,900.0,1070.8435805657691,765.6531601045251,0.305190420461244,-21058139.011825837,-69,1991,39
SK지오센트릭_울산_Ethylene_1989,SK지오센트릭,울산,Ethylene,EE_001,1.0,660.0,785.2852924148975,561.4789840766517,0.2238063083382458,-15442635.275338959,-69,1989,41
LG화학_여수_Ethylene_2021,LG화학,여수,Ethylene,EE_001,1.0,1030.0,1225.520986647491,876.2475054529563,0.34927348119453483,-24099870.202422902,-69,2021,9
S-Oil_온산_Ethylene_2018,S-Oil,온산,Ethylene,EE_001,1.0,182.0,216.54836851441107,154.8320834878039,0.06171628502660715,-4258423.666835894,-69,2018,12
롯데케미칼_울산_M-X_1998,롯데케미칼,울산,M-X,EE_001,1.0,360.0,418.6088532917559,299.3053301036055,0.11930352318815039,-8231943.099982377,-69,1998,32
롯데케미칼_울산_O-X_1980,롯데케미칼,울산,O-X,EE_001,1.0,210.0,214.40941266163108,153.3027300530662,0.06110668260856488,-4216361.099990976,-69,1980,50
SK지오센트릭_울산_O-X_1990,SK지오센트릭,울산,O-X,EE_001,1.0,200.0,204.19944063012483,146.00260005053926,0.05819684057958557,-4015581.9999914044,-69,1990,40
롯데케미칼_대산_LDPE_2005,롯데케미칼,대산,LDPE,EE_001,1.0,500.0,389.0416852153865,278.1648049290014,0.11087688028638513,-7650504.739760574,-69,2005,25
HD현대케미칼_대산_LDPE_2021,HD현대케미칼,대산,LDPE,EE_001,1.0,300.0,233.4250111292319,166.89888295740082,0.0665261281718311,-4590302.843856345,-69,2021,9
LG화학_대산_LDPE_2006,LG화학,대산,LDPE,EE_001,1.0,280.0,217.86334372061643,155.77229076024076,0.06209105296037566,-4284282.654265921,-69,2006,24
LG화학_여수_LDPE_1990,LG화학,여수,LDPE,EE_001,1.0,180.0,140.05500667753915,100.1393297744405,0.039915676903098656,-2754181.7063138075,-69,1990,40
한화솔루션_여수_LDPE_1979,한화솔루션,여수,LDPE,EE_001,1.0,337.0,262.2140958351705,187.4830785221469,0.07473101731302359,-5156440.194598628,-69,1979,51
롯데케미칼_울산_LDPE_1972,롯데케미칼,울산,LDPE,EE_001,1.0,120.0,93.37000445169278,66.75955318296033,0.026610451268732446,-1836121.1375425388,-69,1972,58
한화토탈에너지스_대산_LDPE_1991,한화토탈에너지스,대산,LDPE,EE_001,1.0,435.0,338.46626613738624,242.0033802882312,0.09646288584915505,-6655939.123591699,-69,1991,39
HD현대오일뱅크_대산_Propylene_2011,HD현대오일뱅크,대산,Propylene,EE_001,1.0,420.0,267.69970555334856,191.40528947064425,0.07629441608270432,-5264314.709706598,-69,2011,19
롯데케미칼_대산_Propylene_1997,롯데케미칼,대산,Propylene,EE_001,1.0,550.0,350.5591382246231,250.64978383060557,0.09990935439401753,-6893745.45318721,-69,1997,33
효성화학_울산_Propylene_1991,효성화학,울산,Propylene,EE_001,1.0,500.0,318.69012565874834,227.86343984600506,0.09082668581274328,-6267041.321079287,-69,1991,39
롯데케미칼_여수_Propylene_1992,롯데케미칼,여수,Propylene,EE_001,1.0,641.0,408.5607410945153,292.1209298825785,0.11643981121193685,-8034346.973623644,-69,1992,38
대한유화_온산_Propylene_1991,대한유화,온산,Propylene,EE_001,1.0,560.0,356.9329407377981,255.20705262752568,0.10172588811027242,-7019086.279608797,-69,1991,39
S-Oil_온산_Propylene_2018,S-Oil,온산,Propylene,EE_001,1.0,840.0,535.3994111066971,382.8105789412885,0.15258883216540864,-10528629.419413196,-69,2018,12
SK에너지_울산_Propylene_1996,SK에너지,울산,Propylene,EE_001,1.0,620.0,395.1757558168478,282.5506654090463,0.11262509040780151,-7771131.238138304,-69,1996,34
SK지오센트릭_울산_Propylene_1989,SK지오센트릭,울산,Propylene,EE_001,1.0,380.0,242.20449550064868,173.17621428296383,0.06902828121768485,-4762951.4040202545,-69,1989,41
태광산업_울산_Propylene_1997,태광산업,울산,Propylene,EE_001,1.0,300.0,191.21407539524895,136.71806390760304,0.054496011487645914,-3760224.792647568,-69,1997,33
LG화학_여수_Propylene_2021,LG화학,여수,Propylene,EE_001,1.0,1300.0,828.5943267127454,592.4449435996131,0.23614938311313233,-16294307.434806133,-69,2021,9
여천NCC_여수_Propylene_1979,여천NCC,여수,Propylene,EE_001,1.0,1289.0,821.5831439482532,587.431947923001,0.23415119602525225,-16156432.525742406,-69,1979,51
GS칼텍스_여수_Propylene_2021,GS칼텍스,여수,Propylene,EE_001,1.0,970.0,618.2588437779716,442.05507330124976,0.17620377047672184,-12158060.162893808,-69,2021,9
SK어드밴스드_울산_Propylene_2016,SK어드밴스드,울산,Propylene,EE_001,1.0,600.0,382.4281507904979,273.4361278152061,0.10899202297529183,-7520449.585295136,-69,2016,14
LG화학_대산_Propylene_1991,LG화학,대산,Propylene,EE_001,1.0,680.0,433.4185708958977,309.89427819056687,0.12352429270533082,-8523176.196667826,-69,1991,39
한화토탈에너지스_대산_Propylene_1991,한화토탈에너지스,대산,Propylene,EE_001,1.0,1064.0,678.1725874018163,484.8933999922987,0.19327918740951752,-13336263.93125671,-69,1991,39
HD현대케미칼_대산_Propylene_2021,HD현대케미칼,대산,Propylene,EE_001,1.0,451.0,287.4584933441909,205.53282274109654,0.08192567060309437,-5652871.271613511,-69,2021,9
한화토탈에너지스_대산_L-LDPE_2004,한화토탈에너지스,대산,L-LDPE,EE_001,1.0,530.0,327.7144641722758,234.31584188317717,0.09339862228909865,-6444504.937947807,-69,2004,26
LG화학_대산_L-LDPE_2006,LG화학,대산,L-LDPE,EE_001,1.0,125.0,77.2911472104424,55.263170255466314,0.02202797695497609,-1519930.4098933502,-69,2006,24
SK지오센트릭_울산_L-LDPE_1990,SK지오센트릭,울산,L-LDPE,EE_001,1.0,550.0,340.0810477259465,243.15794912405178,0.09692309860189474,-6687693.803530738,-69,1990,40
롯데케미칼_여수_L-LDPE_2019,롯데케미칼,여수,L-LDPE,EE_001,1.0,600.0,370.9975066101234,265.26321722623834,0.10573428938388509,-7295665.967488071,-69,2019,11
한화솔루션_여수_L-LDPE_1986,한화솔루션,여수,L-LDPE,EE_001,1.0,288.0,178.0788031728593,127.3263442685944,0.0507524589042649,-3501919.664394278,-69,1986,44
LG화학_여수_L-LDPE_2021,LG화학,여수,L-LDPE,EE_001,1.0,425.0,262.78990051550414,187.89477886858546,0.07489512164691868,-5167763.393637389,-69,2021,9
DL케미칼_여수_L-LDPE_2010,DL케미칼,여수,L-LDPE,EE_001,1.0,10.0,6.183291776835391,4.421053620437305,0.0017622381563980865,-121594.43279146796,-69,2010,20
SSNC_울산_L-LDPE_2015,SSNC,울산,L-LDPE,EE_001,1.0,180.0,111.29925198303702,79.57896516787149,0.03172028681516554,-2188699.7902464224,-69,2015,15
HD현대케미칼_대산_HDPE_2021,HD현대케미칼,대산,HDPE,EE_001,1.0,575.0,334.77064067143215,239.36100808007393,0.09540963259135822,-6583264.648803717,-69,2021,9
DL케미칼_여수_HDPE_1980,DL케미칼,여수,HDPE,EE_001,1.0,630.0,366.7921802139168,262.2564088529506,0.10453577136096624,-7212968.223906671,-69,1980,50
롯데케미칼_여수_HDPE_1992,롯데케미칼,여수,HDPE,EE_001,1.0,360.0,209.5955315508096,149.8608050588289,0.059734726491980694,-4121696.1279466674,-69,1992,38
LG화학_여수_HDPE_1992,LG화학,여수,HDPE,EE_001,1.0,500.0,291.10490493168,208.14000702615124,0.08296489790552874,-5724577.955481484,-69,1992,38
GS칼텍스_여수_HDPE_2021,GS칼텍스,여수,HDPE,EE_001,1.0,650.0,378.4363764111841,270.5820091339966,0.10785436727718746,-7441951.3421259355,-69,2021,9
대한유화_온산_HDPE_1976,대한유화,온산,HDPE,EE_001,1.0,210.0,122.26406007130564,87.41880295098352,0.03484525712032212,-2404322.741302226,-69,1976,54
SK지오센트릭_울산_HDPE_1990,SK지오센트릭,울산,HDPE,EE_001,1.0,490.0,285.28280683304644,203.97720688562822,0.08130559994741822,-5610086.396371857,-69,1990,40
한화토탈에너지스_대산_HDPE_1991,한화토탈에너지스,대산,HDPE,EE_001,1.0,180.0,104.7977657754048,74.93040252941445,0.029867363245990347,-2060848.0639733337,-69,1991,39
금호석유화학_울산_PS_1973,금호석유화학,울산,PS,EE_001,1.0,265.0,154.28559961379042,110.31420372386013,0.04397139588993029,-3034026.31640519,-69,1973,57
LG화학_여수_PS_1984,LG화학,여수,PS,EE_001,1.0,40.0,23.2883923945344,16.651200562092093,0.006637191832442308,-457966.2364385193,-69,1984,46
HDC현대EP_울산_PS_1989,HDC현대EP,울산,PS,EE_001,1.0,148.0,86.16705185977729,61.60944207974075,0.024557609780036536,-1694475.074822521,-69,1989,41
한국이네오스스티롤루션_울산_PS_1985,한국이네오스스티롤루션,울산,PS,EE_001,1.0,266.0,154.86780942365377,110.73048373791242,0.044137325685741344,-3045475.4723161524,-69,1985,45
SK지오센트릭_울산_톨루엔_2070,SK지오센트릭,울산,톨루엔,EE_001,1.0,1506.0,861.2362473461536,615.7839168524998,0.24545233049365378,-16936210.80406211,-69,2070,-40
롯데케미칼_대산_톨루엔_2011,롯데케미칼,대산,톨루엔,EE_001,1.0,120.0,68.62440217897637,49.06644755796811,0.019557954621008258,-1349498.8688495697,-69,2011,19
LG화학_대산_톨루엔_2011,LG화학,대산,톨루엔,EE_001,1.0,100.0,57.18700181581364,40.88870629830676,0.01629829551750688,-1124582.3907079746,-69,2011,19
롯데케미칼_여수_톨루엔_1992,롯데케미칼,여수,톨루엔,EE_001,1.0,220.0,125.81140399479,89.95515385627488,0.03585625013851512,-2474081.2595575433,-69,1992,38
여천NCC_여수_톨루엔_1979,여천NCC,여수,톨루엔,EE_001,1.0,282.0,161.26734512059448,115.30615176122507,0.04596119335936942,-3171322.3417964904,-69,1979,51
GS칼텍스_여수_톨루엔_1990,GS칼텍스,여수,톨루엔,EE_001,1.0,170.0,97.21790308688318,69.51080070712149,0.02770710237976169,-1911790.0642035569,-69,1990,40
대한유화_온산_톨루엔_2008,대한유화,온산,톨루엔,EE_001,1.0,78.0,44.60586141633464,31.893190912679273,0.012712670503655368,-877174.2647522204,-69,2008,22
S-Oil_온산_톨루엔_1991,S-Oil,온산,톨루엔,EE_001,1.0,300.0,171.5610054474409,122.66611889492027,0.04889488655252062,-3373747.1721239225,-69,1991,39
OCI_광양_톨루엔_1995,OCI,광양,톨루엔,EE_001,1.0,40.0,22.874800726325457,16.355482519322702,0.006519318207002755,-449832.9562831901,-69,1995,35
LG화학_여수_톨루엔_1992,LG화학,여수,톨루엔,EE_001,1.0,112.0,64.04944203371127,45.79535105410356,0.01825409097960771,-1259532.277592932,-69,1992,38
한화솔루션_울산_PVC_2066,한화솔루션,울산,PVC,EE_001,1.0,330.0,184.1878954483726,131.69434524558642,0.05249355020278617,-3622054.963992246,-69,2066,-36
LG화학_대산_PVC_1998,LG화학,대산,PVC,EE_001,1.0,240.0,133.9548330533619,95.77770563315376,0.03817712742020815,-2634221.791994362,-69,1998,32
한화솔루션_여수_PVC_1990,한화솔루션,여수,PVC,EE_001,1.0,480.0,267.9096661067238,191.55541126630752,0.0763542548404163,-5268443.583988724,-69,1990,40
LG화학_여수_PVC_1976,LG화학,여수,PVC,EE_001,1.0,450.0,251.16531197505353,179.5831980621633,0.07158211391289024,-4939165.859989426,-69,1976,54
울산아로마틱스_울산_P-X_2014,울산아로마틱스,울산,P-X,EE_001,1.0,1000.0,543.1440172460224,388.34797233090603,0.15479604491511634,-10680927.099143026,-69,2014,16
롯데케미칼_울산_P-X_1980,롯데케미칼,울산,P-X,EE_001,1.0,750.0,407.35801293451686,291.2609792481795,0.11609703368633734,-8010695.324357275,-69,1980,50
S-Oil_온산_P-X_1997,S-Oil,온산,P-X,EE_001,1.0,1900.0,1031.9736327674427,737.8611474287214,0.2941124853387213,-20293761.48837177,-69,1997,33
GS칼텍스_여수_P-X_1990,GS칼텍스,여수,P-X,EE_001,1.0,1350.0,733.2444232821302,524.2697626467232,0.20897466063540707,-14419251.583843086,-69,1990,40
HD현대오일뱅크_대산_P-X_1997,HD현대오일뱅크,대산,P-X,EE_001,1.0,1460.0,792.9902651791926,566.9880396031227,0.22600222557606992,-15594153.564748824,-69,1997,33
한화토탈에너지스_대산_P-X_1997,한화토탈에너지스,대산,P-X,EE_001,1.0,2000.0,1086.288034492045,776.6959446618121,0.3095920898302329,-21361854.19828607,-69,1997,33
SK인천석유화학_인천_P-X_2014,SK인천석유화학,인천,P-X,EE_001,1.0,1500.0,814.7160258690337,582.521958496359,0.23219406737267467,-16021390.64871455,-69,2014,16
SK지오센트릭_울산_P-X_1990,SK지오센트릭,울산,P-X,EE_001,1.0,830.0,450.8095343141986,322.32881703465193,0.12848071727954663,-8865169.492288718,-69,1990,40
LG화학_대산_VCM_1997,LG화학,대산,VCM,EE_001,1.0,230.0,107.15641208358804,76.61683463976546,0.03053957744382258,-2107230.843623758,-69,1997,33
LG화학_여수_VCM_1990,LG화학,여수,VCM,EE_001,1.0,720.0,335.4461595660147,239.84400408970055,0.09560215547631418,-6596548.727865678,-69,1990,40
한화솔루션_여수_VCM_1979,한화솔루션,여수,VCM,EE_001,1.0,583.0,271.61820975970363,194.20701997818807,0.07741118978151557,-5341372.094924574,-69,1979,51
한화솔루션_울산_VCM_1972,한화솔루션,울산,VCM,EE_001,1.0,264.0,122.99692517420542,87.94280149955686,0.03505412367464855,-2418734.53355075,-69,1972,58
한화솔루션_여수_EDC_1980,한화솔루션,여수,EDC,EE_001,1.0,1586.0,716.1959453298002,512.0801009108071,0.2041158444189931,-14083993.264910525,-69,1980,50
LG화학_여수_EDC_1996,LG화학,여수,EDC,EE_001,1.0,810.0,365.7747261772624,261.5289292167426,0.10424579696051978,-7192959.990275865,-69,1996,34
한화솔루션_울산_EDC_1991,한화솔루션,울산,EDC,EE_001,1.0,385.0,173.85588836820497,124.30696018326654,0.04954892818493843,-3418876.0447607515,-69,1991,39
카프로_울산_C-H_2000,카프로,울산,C-H,EE_001,1.0,190.0,76.17609491245531,54.465907862405544,0.02171018705004977,-1498002.9064534341,-69,2000,30
SK지오센트릭_울산_C-H_1974,SK지오센트릭,울산,C-H,EE_001,1.0,160.0,64.14829045259394,45.86602767360467,0.01828226277898927,-1261476.1317502595,-69,1974,56
LG화학_여수_Butadiene_1991,LG화학,여수,Butadiene,EE_001,1.0,306.0,116.98110420755916,83.64148950840482,0.03333961469915434,-2300433.4142416497,-69,1991,39
금호석유화학_울산_Butadiene_1979,금호석유화학,울산,Butadiene,EE_001,1.0,90.0,34.406207119870345,24.6004380907073,0.009805769029163046,-676598.0630122501,-69,1979,51
대한유화_울산_Butadiene_2023,대한유화,울산,Butadiene,EE_001,1.0,146.0,55.81451377223412,39.907377347147396,0.015907136425086725,-1097592.413330984,-69,2023,7
SK지오센트릭_울산_Butadiene_1989,SK지오센트릭,울산,Butadiene,EE_001,1.0,130.0,49.69785472870161,35.53396613102166,0.01416388859767995,-977308.3132399165,-69,1989,41
롯데케미칼_여수_Butadiene_2011,롯데케미칼,여수,Butadiene,EE_001,1.0,160.0,61.166590435325055,43.73411216125742,0.017432478274067634,-1202841.0009106668,-69,2011,19
롯데GS화학_여수_Butadiene_2022,롯데GS화학,여수,Butadiene,EE_001,1.0,130.0,49.69785472870161,35.53396613102166,0.01416388859767995,-977308.3132399165,-69,2022,8
금호석유화학_여수_Butadiene_1992,금호석유화학,여수,Butadiene,EE_001,1.0,147.0,56.1968049624549,40.180715548155256,0.016016089414299644,-1105110.1695866755,-69,1992,38
한화토탈에너지스_대산_Butadiene_1991,한화토탈에너지스,대산,Butadiene,EE_001,1.0,150.0,57.34367853311725,41.000730151178836,0.016342948381938414,-1127663.4383537504,-69,1991,39
LG화학_대산_Butadiene_1991,LG화학,대산,Butadiene,EE_001,1.0,200.0,76.45823804415632,54.66764020157178,0.02179059784258454,-1503551.251138333,-69,1991,39
HD현대케미칼_대산_Butadiene_2021,HD현대케미칼,대산,Butadiene,EE_001,1.0,163.0,62.3134640059874,44.554126764281,0.017759337241706398,-1225394.2696777415,-69,2021,9
롯데케미칼_대산_Butadiene_1997,롯데케미칼,대산,Butadiene,EE_001,1.0,190.0,72.63532614194851,51.934258191493186,0.020701067950455326,-1428373.6885814175,-69,1997,33
여천NCC_여수_Butadiene_1992,여천NCC,여수,Butadiene,EE_001,1.0,378.0,144.50606990345548,103.32183998097065,0.041184229922484834,-2841711.8646514537,-69,1992,38
여천NCC_여수_자일렌_1979,여천NCC,여수,자일렌,EE_001,1.0,204.0,73.32244367903682,52.425547230511334,0.02089689644852549,-1441885.8549482587,-69,1979,51
대한유화_온산_자일렌_2008,대한유화,온산,자일렌,EE_001,1.0,47.0,16.892915945660448,12.078434901147219,0.00481448104451323,-332199.19207141286,-69,2008,22
롯데케미칼_대산_자일렌_2011,롯데케미칼,대산,자일렌,EE_001,1.0,60.0,21.565424611481426,15.419278597209216,0.00614614601427221,-424084.0749847825,-69,2011,19
GS칼텍스_여수_자일렌_1990,GS칼텍스,여수,자일렌,EE_001,1.0,350.0,125.79831023364156,89.94579181705376,0.0358525184165878,-2473823.7707445584,-69,1990,40
HD현대케미칼_대산_자일렌_2016,HD현대케미칼,대산,자일렌,EE_001,1.0,1350.0,485.2220537583319,346.9337684372074,0.13828828532112453,-9541891.687157592,-69,2016,14
롯데케미칼_여수_자일렌_1992,롯데케미칼,여수,자일렌,EE_001,1.0,79.0,28.394475738450534,20.302050152992134,0.0080924255854584,-558377.3653966297,-69,1992,38
LG화학_여수_자일렌_1992,LG화학,여수,자일렌,EE_001,1.0,60.0,21.565424611481426,15.419278597209216,0.00614614601427221,-424084.0749847825,-69,1992,38
S-Oil_온산_자일렌_1991,S-Oil,온산,자일렌,EE_001,1.0,450.0,161.74068458611063,115.6445894790691,0.04609609510704153,-3180630.562385866,-69,1991,39
SK지오센트릭_울산_자일렌_2070,SK지오센트릭,울산,자일렌,EE_001,1.0,894.0,321.3248267110731,229.74725109841728,0.09157757561265584,-6318852.717273253,-69,2070,-40
HD현대케미칼_대산_PP_2021,HD현대케미칼,대산,PP,EE_001,1.0,380.0,134.94347153958876,96.48458215080596,0.038458889388782794,-2653663.3678260124,-69,2021,9
LG화학_대산_PP_2006,LG화학,대산,PP,EE_001,1.0,1117.0,396.6627834466332,283.6138901643428,0.11304889328229041,-7800373.6364780385,-69,2006,24
롯데케미칼_대산_PP_2005,롯데케미칼,대산,PP,EE_001,1.0,500.0,177.5571993941957,126.95339756684996,0.05060380182734574,-3491662.326086856,-69,2005,25
한화토탈에너지스_대산_PP_1991,한화토탈에너지스,대산,PP,EE_001,1.0,600.0,213.06863927303488,152.34407708021993,0.06072456219281494,-4189994.7913042307,-69,1991,39
롯데케미칼_여수_PP_1979,롯데케미칼,여수,PP,EE_001,1.0,180.0,63.92059178191046,45.703223124065985,0.018217368657844474,-1256998.4373912688,-69,1979,51
S-Oil_온산_PP_2018,S-Oil,온산,PP,EE_001,1.0,550.0,195.3129193336153,139.64873732353496,0.05566418201008034,-3840828.558695543,-69,2018,12
대한유화_온산_PP_1976,대한유화,온산,PP,EE_001,1.0,432.0,153.4094202765851,109.68773549775835,0.04372168477882676,-3016796.249739046,-69,1976,54
SK지오센트릭_울산_PP_1990,SK지오센트릭,울산,PP,EE_001,1.0,400.0,142.04575951535656,101.56271805347995,0.04048304146187661,-2793329.8608694864,-69,1990,40
울산피피_울산_PP_2021,울산피피,울산,PP,EE_001,1.0,600.0,213.06863927303488,152.34407708021993,0.06072456219281494,-4189994.7913042307,-69,2021,9
폴리미래_여수_PP_1993,폴리미래,여수,PP,EE_001,1.0,405.0,143.82133150929852,102.83225202914842,0.0409890794801501,-2828246.484130357,-69,1993,37
GS칼텍스_여수_PP_1987,GS칼텍스,여수,PP,EE_001,1.0,730.0,259.2335111155257,185.35196044760085,0.07388155066792484,-5097826.996086814,-69,1987,43
효성화학_울산_TPA_1997,효성화학,울산,TPA,EE_001,1.0,420.0,143.23354945188564,102.41198785809824,0.040821561593787394,-2816687.74997133,-69,1997,33
태광산업_울산_TPA_1980,태광산업,울산,TPA,EE_001,1.0,1000.0,341.0322605997277,243.83806632880533,0.09719419427092237,-6706399.404693644,-69,1980,50
한화임팩트_울산_TPA_1995,한화임팩트,울산,TPA,EE_001,1.0,1300.0,443.34193877964606,316.98948622744695,0.12635245255219912,-8718319.22610174,-69,1995,35
삼남석유화학_여수_TPA_1990,삼남석유화학,여수,TPA,EE_001,1.0,1500.0,511.54839089959154,365.757099493208,0.14579129140638356,-10059599.107040465,-69,1990,40
한화임팩트_대산_TPA_1997,한화임팩트,대산,TPA,EE_001,1.0,700.0,238.72258241980936,170.68664643016373,0.06803593598964562,-4694479.583285548,-69,1997,33
롯데케미칼_대산_벤젠_2011,롯데케미칼,대산,벤젠,EE_001,1.0,240.0,77.56005516471033,55.4554394427679,0.022104615721942437,-1525218.4848140283,-69,2011,19
OCI_광양_벤젠_1995,OCI,광양,벤젠,EE_001,1.0,200.0,64.63337930392527,46.21286620230655,0.018420513101618716,-1271015.4040116915,-69,1995,35
SK지오센트릭_울산_벤젠_1972,SK지오센트릭,울산,벤젠,EE_001,1.0,603.0,194.86963860133463,139.33179159995424,0.05553784700138038,-3832111.4430952463,-69,1972,58
대한유화_온산_벤젠_2008,대한유화,온산,벤젠,EE_001,1.0,210.0,67.86504826912152,48.52350951242188,0.019341538756699635,-1334566.1742122748,-69,2008,22
여천NCC_여수_벤젠_1979,여천NCC,여수,벤젠,EE_001,1.0,457.0,147.6872717094692,105.59639927227047,0.04209087243719872,-2904270.1981667117,-69,1979,51
LG화학_여수_벤젠_1992,LG화학,여수,벤젠,EE_001,1.0,630.0,203.59514480736456,145.57052853726563,0.05802461627009893,-4003698.522636826,-69,1992,38
롯데케미칼_여수_벤젠_1992,롯데케미칼,여수,벤젠,EE_001,1.0,235.0,75.94422068211217,54.3001177877102,0.021644102894401974,-1493443.0997137362,-69,1992,38
한화토탈에너지스_대산_벤젠_1991,한화토탈에너지스,대산,벤젠,EE_001,1.0,1267.0,409.4524578903665,292.758507391612,0.11669395049875447,-8051882.584414059,-69,1991,39
HD현대오일뱅크_대산_벤젠_1997,HD현대오일뱅크,대산,벤젠,EE_001,1.0,338.0,109.23041102363366,78.09974388189808,0.031130667141735586,-2148016.0327797555,-69,1997,33
롯데케미칼_울산_벤젠_1986,롯데케미칼,울산,벤젠,EE_001,1.0,110.0,35.5483586171589,25.417076411268603,0.010131282205890295,-699058.4722064304,-69,1986,44
SK인천석유화학_인천_벤젠_2006,SK인천석유화학,인천,벤젠,EE_001,1.0,600.0,193.90013791177577,138.6385986069196,0.05526153930485617,-3813046.212035076,-69,2006,24
울산아로마틱스_울산_벤젠_2014,울산아로마틱스,울산,벤젠,EE_001,1.0,600.0,193.90013791177577,138.6385986069196,0.05526153930485617,-3813046.212035076,-69,2014,16
HD현대케미칼_대산_벤젠_2016,HD현대케미칼,대산,벤젠,EE_001,1.0,410.0,132.49842757304677,94.7363757147284,0.03776205185831837,-2605581.578223968,-69,2016,14
LG화학_대산_벤젠_1991,LG화학,대산,벤젠,EE_001,1.0,270.0,87.2550620602991,62.38736937311382,0.024867692687185274,-1715870.795415784,-69,1991,39
GS칼텍스_여수_벤젠_1990,GS칼텍스,여수,벤젠,EE_001,1.0,930.0,300.5452137632524,214.8898278407254,0.08565538592252699,-5910221.628654363,-69,1990,40
S-Oil_온산_벤젠_1991,S-Oil,온산,벤젠,EE_001,1.0,672.0,217.16815446118883,155.27523043974995,0.06189292402143889,-4270611.757479283,-69,1991,39
금호석유화학_울산_EPS_1973,금호석유화학,울산,EPS,EE_001,1.0,80.0,25.131266229141225,17.968855353835977,0.0071624108753052486,-494206.35039606213,-69,1973,57
HDC현대EP_울산_EPS_1989,HDC현대EP,울산,EPS,EE_001,1.0,80.0,25.131266229141225,17.968855353835977,0.0071624108753052486,-494206.35039606213,-69,1989,41
한국바스프_울산_EPS_1982,한국바스프,울산,EPS,EE_001,1.0,85.0,26.70197036846255,19.091908813450722,0.007610061555011829,-525094.2472958162,-69,1982,48
SH에너지화학_군산_EPS_1973,SH에너지화학,군산,EPS,EE_001,1.0,100.0,31.41408278642653,22.461069192294968,0.008953013594131563,-617757.9379950778,-69,1973,57
LG화학_여수_EPS_1984,LG화학,여수,EPS,EE_001,1.0,90.0,28.272674507783872,20.21496227306547,0.0080577122347184,-555982.1441955697,-69,1984,46
롯데케미칼_여수_EPS_1989,롯데케미칼,여수,EPS,EE_001,1.0,90.0,28.272674507783872,20.21496227306547,0.0080577122347184,-555982.1441955697,-69,1989,41
대한유화_울산_EG_2014,대한유화,울산,EG,EE_001,1.0,200.0,57.38876213317998,41.032964925223695,0.016355797207956286,-1128550.0073489838,-69,2014,16
롯데케미칼_여수_EG_1979,롯데케미칼,여수,EG,EE_001,1.0,400.0,114.77752426635996,82.06592985044739,0.03271159441591257,-2257100.0146979676,-69,1979,51
롯데케미칼_대산_EG_2005,롯데케미칼,대산,EG,EE_001,1.0,730.0,209.46898178610695,149.7703219770665,0.05969865980904046,-4119207.526823792,-69,2005,25
한화토탈에너지스_대산_EG_1991,한화토탈에너지스,대산,EG,EE_001,1.0,218.0,62.553750725166175,44.72593176849381,0.01782781895667237,-1230119.5080103935,-69,1991,39
삼양이노켐_군산_BPA_2012,삼양이노켐,군산,BPA,EE_001,1.0,180.0,41.19889728858001,29.4572115613347,0.011741685727245307,-810176.3151799261,-69,2012,18
금호피앤비화학_여수_Epoxy Resin_2019,금호피앤비화학,여수,Epoxy Resin,EE_001,1.0,338.0,77.36237379744468,55.31409726517293,0.022048276532271743,-1521331.0807267502,-69,2019,11
국도화학_부산/익산/시흥_Epoxy Resin_1973,국도화학,부산/익산/시흥,Epoxy Resin,EE_001,1.0,530.0,121.30786423859668,86.73512293059662,0.03457274130800006,-2385519.150252004,-69,1973,57
Bluecube케미칼_구미_Epoxy Resin_1990,Bluecube케미칼,구미,Epoxy Resin,EE_001,1.0,52.0,11.901903661145337,8.509861117718913,0.0033920425434264237,-234050.93549642322,-69,1990,40
LG화학_여수_BPA_2005,LG화학,여수,BPA,EE_001,1.0,330.0,75.53131169573001,54.00488786244695,0.02152642383328306,-1485323.244496531,-69,2005,25
금호피앤비화학_여수_BPA_1991,금호피앤비화학,여수,BPA,EE_001,1.0,450.0,102.99724322145002,73.64302890333674,0.02935421431811328,-2025440.787949816,-69,1991,39
LG화학_대산_BPA_2013,LG화학,대산,BPA,EE_001,1.0,165.0,37.76565584786501,27.002443931223475,0.010763211916641539,-742661.6222482661,-69,2013,17
금호피앤비화학_여수_아세톤_1980,금호피앤비화학,여수,아세톤,EE_001,1.0,420.0,96.13076034002002,68.7334936431143,0.027397266696905717,-1890411.4020864945,-69,1980,50
LG화학_여수_아세톤_2005,LG화학,여수,아세톤,EE_001,1.0,210.0,48.06538017001001,34.36674682155715,0.013698633348452859,-945205.7010432472,-69,2005,25
한화솔루션_여수_옥탄올_1997,한화솔루션,여수,옥탄올,EE_001,1.0,152.0,34.79017993257867,24.874978651793747,0.00991520128078492,-684148.8883741595,-69,1997,33
LG화학_대산_아세톤_2013,LG화학,대산,아세톤,EE_001,1.0,225.0,51.498621610725,36.82151445166837,0.014677107159056632,-1012720.3939749077,-69,2013,17
LG화학_여수_페놀_2005,LG화학,여수,페놀,EE_001,1.0,350.0,80.10896695001668,57.277911369261915,0.022831055580754763,-1575342.8350720785,-69,2005,25
금호피앤비화학_여수_페놀_1980,금호피앤비화학,여수,페놀,EE_001,1.0,680.0,155.6402786457467,111.28279923170886,0.04435747941403782,-3060666.0795686096,-69,1980,50
LG화학_대산_페놀_2013,LG화학,대산,페놀,EE_001,1.0,360.0,82.39779457716001,58.9144231226694,0.023483371454490615,-1620352.6303598522,-69,2013,17
한국바스프_여수_MDI_1992,한국바스프,여수,MDI,EE_001,1.0,250.0,57.22069067858334,40.91279383518708,0.016307896843396258,-1125244.8821943416,-69,1992,38
금호미쓰이화학_여수_MDI_1992,금호미쓰이화학,여수,MDI,EE_001,1.0,610.0,139.61848525574337,99.82721695785648,0.039791268297886886,-2745597.5125541952,-69,1992,38
구다우케미칼_여수_MDI_2018,구다우케미칼,여수,MDI,EE_001,1.0,30.0,6.866482881430002,4.90953526022245,0.0019569476212075525,-135029.3858633211,-69,2018,12
한화솔루션_여수_TDI_1981,한화솔루션,여수,TDI,EE_001,1.0,150.0,34.332414407150004,24.54767630111225,0.009784738106037754,-675146.929316605,-69,1981,49
한국바스프_여수_TDI_1988,한국바스프,여수,TDI,EE_001,1.0,160.0,36.621242034293346,26.184188054519733,0.010437053979773613,-720156.7246043793,-69,1988,42
LG화학_나주_옥탄올_1982,LG화학,나주,옥탄올,EE_001,1.0,125.0,28.61034533929167,20.45639691759354,0.008153948421698129,-562622.4410971708,-69,1982,48
금호석유화학_여수_PPG_1997,금호석유화학,여수,PPG,EE_001,1.0,152.0,34.79017993257867,24.874978651793747,0.00991520128078492,-684148.8883741595,-69,1997,33
LG화학_나주_부탄올_1982,LG화학,나주,부탄올,EE_001,1.0,55.0,12.588551949288336,9.000814643741158,0.0035877373055471775,-247553.87408275527,-69,1982,48
LXMMA_여수_PMMA_1991,LXMMA,여수,PMMA,EE_001,1.0,120.0,27.46593152572001,19.6381410408898,0.00782779048483021,-540117.5434532844,-69,1991,39
코오롱인더스트리_여수_석유수지_2004,코오롱인더스트리,여수,석유수지,EE_001,1.0,50.0,11.444138135716669,8.182558767037417,0.0032615793686792518,-225048.97643886838,-69,2004,26
코오롱인더스트리_대산_석유수지_2014,코오롱인더스트리,대산,석유수지,EE_001,1.0,87.0,19.91280035614701,14.237652254645104,0.0056751481015019055,-391585.21900363144,-69,2014,16
OCI_포항_카본블랙(CB)_1981,OCI,포항,카본블랙(CB),EE_001,1.0,40.0,9.155310508573336,6.546047013629933,0.0026092634949434032,-180039.18115109482,-69,1981,49
오리온엔지니어드카본즈_여수_카본블랙(CB)_1979,오리온엔지니어드카본즈,여수,카본블랙(CB),EE_001,1.0,170.0,38.91006966143667,27.820699807927216,0.011089369853509456,-765166.5198921524,-69,1979,51
비틀라카본코리아_여수_카본블랙(CB)_1996,비틀라카본코리아,여수,카본블랙(CB),EE_001,1.0,193.0,44.174373203866345,31.584676840764427,0.012589696363101918,-868689.0490540323,-69,1996,34
HD현대OCI_대산_카본블랙(CB)_2018,HD현대OCI,대산,카본블랙(CB),EE_001,1.0,136.0,31.128055729149345,22.256559846341773,0.008871495882807572,-612133.2159137225,-69,2018,12
OCI_광양_카본블랙(CB)_1992,OCI,광양,카본블랙(CB),EE_001,1.0,150.0,34.332414407150004,24.54767630111225,0.009784738106037754,-675146.929316605,-69,1992,38
아케마_진해_PMMA_1999,아케마,진해,PMMA,EE_001,1.0,100.0,22.888276271433337,16.365117534074834,0.0065231587373585035,-450097.95287773677,-69,1999,31
롯데엠시시_여수_PMMA_2008,롯데엠시시,여수,PMMA,EE_001,1.0,110.0,25.17710389857667,18.001629287482316,0.007175474611094355,-495107.74816551054,-69,2008,22
한화솔루션_여수_부탄올_1997,한화솔루션,여수,부탄올,EE_001,1.0,12.0,2.7465931525720007,1.9638141040889798,0.0007827790484830208,-54011.75434532844,-69,1997,33
LXMMA_여수_MMA_2001,LXMMA,여수,MMA,EE_001,1.0,260.0,59.50951830572668,42.549305588594564,0.016960212717132116,-1170254.677482116,-69,2001,29
롯데케미칼_여수_MMA_2013,롯데케미칼,여수,MMA,EE_001,1.0,50.0,11.444138135716669,8.182558767037417,0.0032615793686792518,-225048.97643886838,-69,2013,17
롯데엠시시_여수_MMA_2009,롯데엠시시,여수,MMA,EE_001,1.0,97.0,22.20162798329034,15.874164008052588,0.006327463975237752,-436595.0142914049,-69,2009,21
롯데엠시시_대산_MMA_1995,롯데엠시시,대산,MMA,EE_001,1.0,90.0,20.599448644290003,14.72860578066735,0.005870842863622654,-405088.15758996306,-69,1995,35
한국바스프_울산_PPG_1975,한국바스프,울산,PPG,EE_001,1.0,119.0,27.23704876300567,19.47448986554905,0.007762558897456621,-535616.5639245069,-69,1975,55
KPX케미칼_울산_PPG_1990,KPX케미칼,울산,PPG,EE_001,1.0,298.0,68.20706328887135,48.768050251543,0.01943901303732835,-1341291.8995756563,-69,1990,40
피유코어_울산_PPG_1988,피유코어,울산,PPG,EE_001,1.0,220.0,50.35420779715334,36.00325857496463,0.01435094922218871,-990215.4963310211,-69,1988,42
코리아피티지_울산_MA_1992,코리아피티지,울산,MA,EE_001,1.0,30.0,6.866482881430002,4.90953526022245,0.0019569476212075525,-135029.3858633211,-69,1992,38
OCI_군산_TDI_1990,OCI,군산,TDI,EE_001,1.0,50.0,11.444138135716669,8.182558767037417,0.0032615793686792518,-225048.97643886838,-69,1990,40
애경케미칼_울산_PA_1972,애경케미칼,울산,PA,EE_001,1.0,210.0,48.06538017001001,34.36674682155715,0.013698633348452859,-945205.7010432472,-69,1972,58
용산케미칼_울산_MA_1976,용산케미칼,울산,MA,EE_001,1.0,38.0,8.697544983144667,6.218744662948437,0.00247880032019623,-171037.22209353987,-69,1976,54
LG화학_대산_SBR_1996,LG화학,대산,SBR,EE_001,1.0,80.0,18.310621017146673,13.092094027259867,0.0052185269898868064,-360078.36230218963,-69,1996,34
금호석유화학_울산_SB-Latex_1983,금호석유화학,울산,SB-Latex,EE_001,1.0,85.0,19.455034830718336,13.910349903963608,0.005544684926754728,-382583.2599460762,-69,1983,47
LG화학_대산_SB-Latex_1996,LG화학,대산,SB-Latex,EE_001,1.0,20.0,4.577655254286668,3.2730235068149667,0.0013046317474717016,-90019.59057554741,-69,1996,34
애경케미칼_울산_MA_1988,애경케미칼,울산,MA,EE_001,1.0,8.0,1.831062101714667,1.3092094027259866,0.0005218526989886805,-36007.83623021895,-69,1988,42
금호석유화학_여수_S-SBR_2012,금호석유화학,여수,S-SBR,EE_001,1.0,123.0,28.152579813863007,20.129094566912045,0.008023485246950962,-553620.4820396163,-69,2012,18
LG화학_대산_S-SBR_2012,LG화학,대산,S-SBR,EE_001,1.0,80.0,18.310621017146673,13.092094027259867,0.0052185269898868064,-360078.36230218963,-69,2012,18
금호석유화학_울산_SBR_1973,금호석유화학,울산,SBR,EE_001,1.0,183.0,41.88554557672301,29.948165087356944,0.011937380489366068,-823679.2537662587,-69,1973,57
태광산업_울산_AN_1997,태광산업,울산,AN,EE_001,1.0,290.0,66.37600118715667,47.45884084881701,0.018917160338339664,-1305284.0633454367,-69,1997,33
한솔케미칼_전주_SB-Latex_1996,한솔케미칼,전주,SB-Latex,EE_001,1.0,60.0,13.732965762860005,9.8190705204449,0.003913895242415105,-270058.7717266422,-69,1996,34
동서석유화학_울산_AN_1972,동서석유화학,울산,AN,EE_001,1.0,602.0,137.78742315402872,98.5180075551305,0.03926941559889822,-2709589.6763239773,-69,1972,58
SK케미칼_울산_DMT_1989,SK케미칼,울산,DMT,EE_001,1.0,160.0,36.621242034293346,26.184188054519733,0.010437053979773613,-720156.7246043793,-69,1989,41
카프로_울산_CPLM_1974,카프로,울산,CPLM,EE_001,1.0,270.0,61.79834593287001,44.185817342002046,0.017612528590867968,-1215264.4727698897,-69,1974,56
롯데케미칼_여수_PC_2008,롯데케미칼,여수,PC,EE_001,1.0,480.0,109.86372610288004,78.5525641635592,0.03131116193932084,-2160470.1738131377,-69,2008,22
LG화학_여수_PC_2001,LG화학,여수,PC,EE_001,1.0,170.0,38.91006966143667,27.820699807927216,0.011089369853509456,-765166.5198921524,-69,2001,29
삼양화성_전주_PC_1999,삼양화성,전주,PC,EE_001,1.0,120.0,27.46593152572001,19.6381410408898,0.00782779048483021,-540117.5434532844,-69,1999,31
한국트린지오_울산_SB-Latex_1990,한국트린지오,울산,SB-Latex,EE_001,1.0,43.0,9.841958796716334,7.037000539652178,0.0028049582570641557,-193542.11973742675,-69,1990,40
롯데베르살리스엘라스토머스_여수_S-SBR_2018,롯데베르살리스엘라스토머스,여수,S-SBR,EE_001,1.0,100.0,22.888276271433337,16.365117534074834,0.0065231587373585035,-450097.95287773677,-69,2018,12
LG화학_대산_BR_1996,LG화학,대산,BR,EE_001,1.0,220.0,50.35420779715334,36.00325857496463,0.01435094922218871,-990215.4963310211,-69,1996,34
롯데이네오스화학_울산_초산_1991,롯데이네오스화학,울산,초산,EE_001,1.0,710.0,162.50676152717674,116.19233449193132,0.046314427035245416,-3195695.4654319338,-69,1991,39
OCI_포항_PA_1983,OCI,포항,PA,EE_001,1.0,60.0,13.732965762860005,9.8190705204449,0.003913895242415105,-270058.7717266422,-69,1983,47
이수화학_울산_알킬벤젠_1973,이수화학,울산,알킬벤젠,EE_001,1.0,180.0,41.19889728858001,29.4572115613347,0.011741685727245307,-810176.3151799261,-69,1973,57
한국알콜산업_울산_초산에틸_1989,한국알콜산업,울산,초산에틸,EE_001,1.0,123.0,28.152579813863007,20.129094566912045,0.008023485246950962,-553620.4820396163,-69,1989,41
금호석유화학_여수_BR_1980,금호석유화학,여수,BR,EE_001,1.0,275.0,62.94275974644168,45.00407321870579,0.01793868652773589,-1237769.3704137763,-69,1980,50
한국알콜산업_울산_에탄올_1974,한국알콜산업,울산,에탄올,EE_001,1.0,70.0,16.021793390003335,11.455582273852382,0.004566211116150953,-315068.56701441575,-69,1974,56
롯데이네오스화학_울산_초산비닐_1996,롯데이네오스화학,울산,초산비닐,EE_001,1.0,460.0,105.28607084859334,75.27954065674423,0.03000653019184911,-2070450.5832375886,-69,1996,34
한화솔루션_여수_석유수지_2019,한화솔루션,여수,석유수지,EE_001,1.0,86.0,19.683917593432668,14.074001079304356,0.0056099165141283115,-387084.2394748535,-69,2019,11
롯데베르살리스엘라스토머스_여수_EPDM_2018,롯데베르살리스엘라스토머스,여수,EPDM,EE_001,1.0,96.0,21.972745220576005,15.710512832711839,0.0062622323878641665,-432094.0347626275,-69,2018,12
금호폴리켐_여수_EPDM_1987,금호폴리켐,여수,EPDM,EE_001,1.0,310.0,70.95365644144336,50.731864355631984,0.020221792085811374,-1395303.6539209848,-69,1987,43
한솔케미칼_전주_NB-Latex_2021,한솔케미칼,전주,NB-Latex,EE_001,1.0,28.0,6.408717356001335,4.582232909540953,0.0018264844464603823,-126027.42680576637,-69,2021,9
금호석유화학_울산_NB-Latex_2012,금호석유화학,울산,NB-Latex,EE_001,1.0,946.0,216.5230935277594,154.81401187234792,0.061709081655411495,-4257926.634223393,-69,2012,18
LG화학_여수_NB-Latex_2008,LG화학,여수,NB-Latex,EE_001,1.0,205.0,46.92096635643834,33.548490944853405,0.013372475411584936,-922700.8033993605,-69,2008,22
금호석유화학_울산_NBR_1987,금호석유화학,울산,NBR,EE_001,1.0,92.0,21.057214169718673,15.055908131348847,0.006001306038369826,-414090.116647518,-69,1987,43
LG화학_대산_NBR_1996,LG화학,대산,NBR,EE_001,1.0,65.0,14.87737957643167,10.637326397148641,0.004240053179283029,-292563.669370529,-69,1996,34
한국이네오스스티롤루션_울산_ABS_1990,한국이네오스스티롤루션,울산,ABS,EE_001,0.35760869565216336,98.69999999999709,17.559155894558046,12.554796464608996,0.005004359429949049,-345300.8006664844,-69,1990,40
롯데케미칼_대산_Ethylene_1991,롯데케미칼,대산,Ethylene,HP_001,1.0,1100.0,1308.8088206914956,1190.7799691261305,0.11802885156536513,1180288.5156536514,10,1991,39
한화토탈에너지스_대산_Ethylene_1991,한화토탈에너지스,대산,Ethylene,HP_001,1.0,1525.0,1814.4849559586648,1650.854048106681,0.16363090785198392,1636309.0785198393,10,1991,39
롯데케미칼_여수_Ethylene_1992,롯데케미칼,여수,Ethylene,HP_001,1.0,1230.0,1463.486226773218,1331.508510931946,0.13197771584127213,1319777.1584127215,10,1992,38
HD현대케미칼_대산_Ethylene_2021,HD현대케미칼,대산,Ethylene,HP_001,1.0,850.0,1011.3522705343375,920.1481579611009,0.09120411257323667,912041.1257323667,10,2021,9
LG화학_대산_Ethylene_1991,LG화학,대산,Ethylene,HP_001,1.0,1300.0,1546.774060817222,1407.285418058154,0.13948864275906817,1394886.4275906817,10,1991,39
여천NCC_여수_Ethylene_1979,여천NCC,여수,Ethylene,HP_001,1.0,2285.0,2718.7528684364247,2473.574754048371,0.24517811438805392,2451781.143880539,10,1979,51
GS칼텍스_여수_Ethylene_2021,GS칼텍스,여수,Ethylene,HP_001,1.0,900.0,1070.8435805657691,974.2745201941066,0.09656906037166255,965690.6037166255,10,2021,9
대한유화_온산_Ethylene_1991,대한유화,온산,Ethylene,HP_001,1.0,900.0,1070.8435805657691,974.2745201941066,0.09656906037166255,965690.6037166255,10,1991,39
SK지오센트릭_울산_Ethylene_1989,SK지오센트릭,울산,Ethylene,HP_001,1.0,660.0,785.2852924148975,714.4679814756781,0.07081731093921939,708173.109392194,10,1989,41
LG화학_여수_Ethylene_2021,LG화학,여수,Ethylene,HP_001,1.0,1030.0,1225.520986647491,1115.003061999922,0.11051792464756909,1105179.246475691,10,2021,9
S-Oil_온산_Ethylene_2018,S-Oil,온산,Ethylene,HP_001,1.0,182.0,216.54836851441107,197.01995852814156,0.019528409986269507,195284.09986269506,10,2018,12
롯데케미칼_울산_M-X_1998,롯데케미칼,울산,M-X,HP_001,1.0,360.0,418.6088532917559,380.8585559007158,0.03775029739104008,377502.97391040076,10,1998,32
롯데케미칼_울산_O-X_1980,롯데케미칼,울산,O-X,HP_001,1.0,210.0,214.40941266163108,195.07389448573244,0.019335518175898642,193355.1817589864,10,1980,50
SK지오센트릭_울산_O-X_1990,SK지오센트릭,울산,O-X,HP_001,1.0,200.0,204.19944063012483,185.78466141498328,0.01841477921514155,184147.7921514155,10,1990,40
롯데케미칼_대산_LDPE_2005,롯데케미칼,대산,LDPE,HP_001,1.0,500.0,389.0416852153865,353.95776570698496,0.03508391950840155,350839.1950840155,10,2005,25
HD현대케미칼_대산_LDPE_2021,HD현대케미칼,대산,LDPE,HP_001,1.0,300.0,233.4250111292319,212.37465942419098,0.021050351705040923,210503.51705040922,10,2021,9
LG화학_대산_LDPE_2006,LG화학,대산,LDPE,HP_001,1.0,280.0,217.86334372061643,198.21634879591159,0.01964699492470484,196469.9492470484,10,2006,24
LG화학_여수_LDPE_1990,LG화학,여수,LDPE,HP_001,1.0,180.0,140.05500667753915,127.42479565451458,0.012630211023024572,126302.11023024573,10,1990,40
한화솔루션_여수_LDPE_1979,한화솔루션,여수,LDPE,HP_001,1.0,337.0,262.2140958351705,238.56753408650786,0.023646561748662635,236465.61748662638,10,1979,51
롯데케미칼_울산_LDPE_1972,롯데케미칼,울산,LDPE,HP_001,1.0,120.0,93.37000445169278,84.94986376967638,0.008420140682016396,84201.40682016396,10,1972,58
한화토탈에너지스_대산_LDPE_1991,한화토탈에너지스,대산,LDPE,HP_001,1.0,435.0,338.46626613738624,307.94325616507683,0.03052300997230941,305230.09972309414,10,1991,39
HD현대오일뱅크_대산_Propylene_2011,HD현대오일뱅크,대산,Propylene,HP_001,1.0,420.0,267.69970555334856,243.5584495415236,0.024141256011824964,241412.56011824962,10,2011,19
롯데케미칼_대산_Propylene_1997,롯데케미칼,대산,Propylene,HP_001,1.0,550.0,350.5591382246231,318.9455886853285,0.03161354953929458,316135.49539294577,10,1997,33
효성화학_울산_Propylene_1991,효성화학,울산,Propylene,HP_001,1.0,500.0,318.69012565874834,289.9505351684805,0.028739590490267856,287395.90490267857,10,1991,39
롯데케미칼_여수_Propylene_1992,롯데케미칼,여수,Propylene,HP_001,1.0,641.0,408.5607410945153,371.71658608599193,0.03684415500852339,368441.5500852339,10,1992,38
대한유화_온산_Propylene_1991,대한유화,온산,Propylene,HP_001,1.0,560.0,356.9329407377981,324.74459938869813,0.03218834134909997,321883.4134909997,10,1991,39
S-Oil_온산_Propylene_2018,S-Oil,온산,Propylene,HP_001,1.0,840.0,535.3994111066971,487.1168990830472,0.04828251202364993,482825.12023649924,10,2018,12
SK에너지_울산_Propylene_1996,SK에너지,울산,Propylene,HP_001,1.0,620.0,395.1757558168478,359.5386636089158,0.03563709220793203,356370.9220793203,10,1996,34
SK지오센트릭_울산_Propylene_1989,SK지오센트릭,울산,Propylene,HP_001,1.0,380.0,242.20449550064868,220.3624067280451,0.021842088772603574,218420.88772603573,10,1989,41
태광산업_울산_Propylene_1997,태광산업,울산,Propylene,HP_001,1.0,300.0,191.21407539524895,173.97032110108825,0.01724375429416071,172437.5429416071,10,1997,33
LG화학_여수_Propylene_2021,LG화학,여수,Propylene,HP_001,1.0,1300.0,828.5943267127454,753.871391438049,0.0747229352746964,747229.352746964,10,2021,9
여천NCC_여수_Propylene_1979,여천NCC,여수,Propylene,HP_001,1.0,1289.0,821.5831439482532,747.4924796643425,0.07409066428391077,740906.6428391077,10,1979,51
GS칼텍스_여수_Propylene_2021,GS칼텍스,여수,Propylene,HP_001,1.0,970.0,618.2588437779716,562.504038226852,0.055754805551119606,557548.055511196,10,2021,9
SK어드밴스드_울산_Propylene_2016,SK어드밴스드,울산,Propylene,HP_001,1.0,600.0,382.4281507904979,347.9406422021765,0.03448750858832142,344875.0858832142,10,2016,14
LG화학_대산_Propylene_1991,LG화학,대산,Propylene,HP_001,1.0,680.0,433.4185708958977,394.3327278291334,0.03908584306676431,390858.43066764314,10,1991,39
한화토탈에너지스_대산_Propylene_1991,한화토탈에너지스,대산,Propylene,HP_001,1.0,1064.0,678.1725874018163,617.0147388385263,0.061157848563289915,611578.4856328992,10,1991,39
HD현대케미칼_대산_Propylene_2021,HD현대케미칼,대산,Propylene,HP_001,1.0,451.0,287.4584933441909,261.5353827219693,0.0259231106222216,259231.106222216,10,2021,9
한화토탈에너지스_대산_L-LDPE_2004,한화토탈에너지스,대산,L-LDPE,HP_001,1.0,530.0,327.7144641722758,298.16105557958554,0.02955340859269029,295534.0859269029,10,2004,26
LG화학_대산_L-LDPE_2006,LG화학,대산,L-LDPE,HP_001,1.0,125.0,77.2911472104424,70.32100367443054,0.006970143536011861,69701.4353601186,10,2006,24
SK지오센트릭_울산_L-LDPE_1990,SK지오센트릭,울산,L-LDPE,HP_001,1.0,550.0,340.0810477259465,309.4124161674944,0.030668631558452092,306686.3155845209,10,1990,40
롯데케미칼_여수_L-LDPE_2019,롯데케미칼,여수,L-LDPE,HP_001,1.0,600.0,370.9975066101234,337.5408176372666,0.03345668897285679,334566.88972856797,10,2019,11
한화솔루션_여수_L-LDPE_1986,한화솔루션,여수,L-LDPE,HP_001,1.0,288.0,178.0788031728593,162.01959246588797,0.01605921070697133,160592.1070697133,10,1986,44
LG화학_여수_L-LDPE_2021,LG화학,여수,L-LDPE,HP_001,1.0,425.0,262.78990051550414,239.09141249306387,0.023698488022440272,236984.88022440273,10,2021,9
DL케미칼_여수_L-LDPE_2010,DL케미칼,여수,L-LDPE,HP_001,1.0,10.0,6.183291776835391,5.625680293954444,0.0005576114828809473,5576.114828809474,10,2010,20
SSNC_울산_L-LDPE_2015,SSNC,울산,L-LDPE,HP_001,1.0,180.0,111.29925198303702,101.26224529117998,0.010037006691857045,100370.06691857045,10,2015,15
HD현대케미칼_대산_HDPE_2021,HD현대케미칼,대산,HDPE,HP_001,1.0,575.0,334.77064067143215,304.58090353673373,0.03018973713469842,301897.3713469842,10,2021,9
DL케미칼_여수_HDPE_1980,DL케미칼,여수,HDPE,HP_001,1.0,630.0,366.7921802139168,333.7147290924213,0.03307745112149553,330774.51121495524,10,1980,50
롯데케미칼_여수_HDPE_1992,롯데케미칼,여수,HDPE,HP_001,1.0,360.0,209.5955315508096,190.69413090995502,0.018901400640854576,189014.00640854577,10,1992,38
LG화학_여수_HDPE_1992,LG화학,여수,HDPE,HP_001,1.0,500.0,291.10490493168,264.8529595971598,0.026251945334520202,262519.45334520197,10,1992,38
GS칼텍스_여수_HDPE_2021,GS칼텍스,여수,HDPE,HP_001,1.0,650.0,378.4363764111841,344.3088474763077,0.03412752893487641,341275.2893487641,10,2021,9
대한유화_온산_HDPE_1976,대한유화,온산,HDPE,HP_001,1.0,210.0,122.26406007130564,111.2382430308071,0.011025817040498537,110258.17040498537,10,1976,54
SK지오센트릭_울산_HDPE_1990,SK지오센트릭,울산,HDPE,HP_001,1.0,490.0,285.28280683304644,259.55590040521656,0.025726906427829873,257269.0642782987,10,1990,40
한화토탈에너지스_대산_HDPE_1991,한화토탈에너지스,대산,HDPE,HP_001,1.0,180.0,104.7977657754048,95.34706545497751,0.009450700320427288,94507.00320427289,10,1991,39
금호석유화학_울산_PS_1973,금호석유화학,울산,PS,HP_001,1.0,265.0,154.28559961379042,140.37206858649463,0.013913531027295789,139135.3102729579,10,1973,57
LG화학_여수_PS_1984,LG화학,여수,PS,HP_001,1.0,40.0,23.2883923945344,21.18823676777278,0.002100155626761623,21001.55626761623,10,1984,46
HDC현대EP_울산_PS_1989,HDC현대EP,울산,PS,HP_001,1.0,148.0,86.16705185977729,78.39647604075927,0.00777057581901802,77705.7581901802,10,1989,41
한국이네오스스티롤루션_울산_PS_1985,한국이네오스스티롤루션,울산,PS,HP_001,1.0,266.0,154.86780942365377,140.90177450568896,0.013966034917964805,139660.34917964807,10,1985,45
SK지오센트릭_울산_톨루엔_2070,SK지오센트릭,울산,톨루엔,HP_001,1.0,1506.0,861.2362473461536,783.5696518940956,0.07766659545205801,776665.9545205801,10,2070,-40
롯데케미칼_대산_톨루엔_2011,롯데케미칼,대산,톨루엔,HP_001,1.0,120.0,68.62440217897637,62.43582883618292,0.006188573342793447,61885.733427934465,10,2011,19
LG화학_대산_톨루엔_2011,LG화학,대산,톨루엔,HP_001,1.0,100.0,57.18700181581364,52.02985736348577,0.00515714445232787,51571.444523278704,10,2011,19
롯데케미칼_여수_톨루엔_1992,롯데케미칼,여수,톨루엔,HP_001,1.0,220.0,125.81140399479,114.46568619966868,0.011345717795121318,113457.17795121319,10,1992,38
여천NCC_여수_톨루엔_1979,여천NCC,여수,톨루엔,HP_001,1.0,282.0,161.26734512059448,146.72419776502986,0.014543147355564627,145431.47355564628,10,1979,51
GS칼텍스_여수_톨루엔_1990,GS칼텍스,여수,톨루엔,HP_001,1.0,170.0,97.21790308688318,88.4507575179258,0.008767145568957389,87671.45568957388,10,1990,40
대한유화_온산_톨루엔_2008,대한유화,온산,톨루엔,HP_001,1.0,78.0,44.60586141633464,40.5832887435189,0.004022572672815741,40225.72672815741,10,2008,22
S-Oil_온산_톨루엔_1991,S-Oil,온산,톨루엔,HP_001,1.0,300.0,171.5610054474409,156.0895720904573,0.015471433356983595,154714.33356983593,10,1991,39
OCI_광양_톨루엔_1995,OCI,광양,톨루엔,HP_001,1.0,40.0,22.874800726325457,20.8119429453943,0.0020628577809311574,20628.577809311573,10,1995,35
LG화학_여수_톨루엔_1992,LG화학,여수,톨루엔,HP_001,1.0,112.0,64.04944203371127,58.27344024710405,0.005776001786607225,57760.01786607225,10,1992,38
한화솔루션_울산_PVC_2066,한화솔루션,울산,PVC,HP_001,1.0,330.0,184.1878954483726,167.57776459631495,0.016610130852057637,166101.30852057636,10,2066,-36
LG화학_대산_PVC_1998,LG화학,대산,PVC,HP_001,1.0,240.0,133.9548330533619,121.87473788822905,0.01208009516513286,120800.95165132859,10,1998,32
한화솔루션_여수_PVC_1990,한화솔루션,여수,PVC,HP_001,1.0,480.0,267.9096661067238,243.7494757764581,0.02416019033026572,241601.90330265719,10,1990,40
LG화학_여수_PVC_1976,LG화학,여수,PVC,HP_001,1.0,450.0,251.16531197505353,228.51513354042947,0.022650178434624052,226501.7843462405,10,1976,54
울산아로마틱스_울산_P-X_2014,울산아로마틱스,울산,P-X,HP_001,1.0,1000.0,543.1440172460224,494.16309384708245,0.04898092339893992,489809.23398939916,10,2014,16
롯데케미칼_울산_P-X_1980,롯데케미칼,울산,P-X,HP_001,1.0,750.0,407.35801293451686,370.62232038531187,0.036735692549205,367356.92549205,10,1980,50
S-Oil_온산_P-X_1997,S-Oil,온산,P-X,HP_001,1.0,1900.0,1031.9736327674427,938.9098783094566,0.09306375445798608,930637.5445798608,10,1997,33
GS칼텍스_여수_P-X_1990,GS칼텍스,여수,P-X,HP_001,1.0,1350.0,733.2444232821302,667.1201766935613,0.0661242465885689,661242.465885689,10,1990,40
HD현대오일뱅크_대산_P-X_1997,HD현대오일뱅크,대산,P-X,HP_001,1.0,1460.0,792.9902651791926,721.4781170167404,0.07151214816245226,715121.4816245226,10,1997,33
한화토탈에너지스_대산_P-X_1997,한화토탈에너지스,대산,P-X,HP_001,1.0,2000.0,1086.288034492045,988.3261876941649,0.09796184679788007,979618.4679788006,10,1997,33
SK인천석유화학_인천_P-X_2014,SK인천석유화학,인천,P-X,HP_001,1.0,1500.0,814.7160258690337,741.2446407706237,0.07347138509841,734713.8509841,10,2014,16
SK지오센트릭_울산_P-X_1990,SK지오센트릭,울산,P-X,HP_001,1.0,830.0,450.8095343141986,410.15536789307833,0.040654166421120234,406541.66421120235,10,1990,40
LG화학_대산_VCM_1997,LG화학,대산,VCM,HP_001,1.0,230.0,107.15641208358804,97.49300818827449,0.00966340389531355,96634.03895313549,10,1997,33
LG화학_여수_VCM_1990,LG화학,여수,VCM,HP_001,1.0,720.0,335.4461595660147,305.1955038937288,0.030250655672285916,302506.55672285915,10,1990,40
한화솔루션_여수_VCM_1979,한화솔루션,여수,VCM,HP_001,1.0,583.0,271.61820975970363,247.12358162506098,0.024494628134642652,244946.28134642652,10,1979,51
한화솔루션_울산_VCM_1972,한화솔루션,울산,VCM,HP_001,1.0,264.0,122.99692517420542,111.90501809436724,0.01109190707983818,110919.07079838178,10,1972,58
한화솔루션_여수_EDC_1980,한화솔루션,여수,EDC,HP_001,1.0,1586.0,716.1959453298002,651.6091366327239,0.06458680869707632,645868.0869707633,10,1980,50
LG화학_여수_EDC_1996,LG화학,여수,EDC,HP_001,1.0,810.0,365.7747261772624,332.7890294278098,0.032985696749452585,329856.9674945259,10,1996,34
한화솔루션_울산_EDC_1991,한화솔루션,울산,EDC,HP_001,1.0,385.0,173.85588836820497,158.1775016416133,0.015678386726591668,156783.86726591666,10,1991,39
카프로_울산_C-H_2000,카프로,울산,C-H,HP_001,1.0,190.0,76.17609491245531,69.30650719489921,0.006869587717556101,68695.877175561,10,2000,30
SK지오센트릭_울산_C-H_1974,SK지오센트릭,울산,C-H,HP_001,1.0,160.0,64.14829045259394,58.36337447991512,0.0057849159726788175,57849.15972678817,10,1974,56
LG화학_여수_Butadiene_1991,LG화학,여수,Butadiene,HP_001,1.0,306.0,116.98110420755916,106.43170603252878,0.010549398175030375,105493.98175030375,10,1991,39
금호석유화학_울산_Butadiene_1979,금호석유화학,울산,Butadiene,HP_001,1.0,90.0,34.406207119870345,31.30344295074376,0.0031027641691265834,31027.641691265835,10,1979,51
대한유화_울산_Butadiene_2023,대한유화,울산,Butadiene,HP_001,1.0,146.0,55.81451377223412,50.7811407867621,0.00503337298547202,50333.72985472021,10,2023,7
SK지오센트릭_울산_Butadiene_1989,SK지오센트릭,울산,Butadiene,HP_001,1.0,130.0,49.69785472870161,45.21608426218543,0.004481770466516174,44817.70466516174,10,1989,41
롯데케미칼_여수_Butadiene_2011,롯데케미칼,여수,Butadiene,HP_001,1.0,160.0,61.166590435325055,55.650565245766686,0.00551602518955837,55160.2518955837,10,2011,19
롯데GS화학_여수_Butadiene_2022,롯데GS화학,여수,Butadiene,HP_001,1.0,130.0,49.69785472870161,45.21608426218543,0.004481770466516174,44817.70466516174,10,2022,8
금호석유화학_여수_Butadiene_1992,금호석유화학,여수,Butadiene,HP_001,1.0,147.0,56.1968049624549,51.128956819548144,0.005067848142906755,50678.48142906755,10,1992,38
한화토탈에너지스_대산_Butadiene_1991,한화토탈에너지스,대산,Butadiene,HP_001,1.0,150.0,57.34367853311725,52.17240491790627,0.005171273615210978,51712.73615210978,10,1991,39
LG화학_대산_Butadiene_1991,LG화학,대산,Butadiene,HP_001,1.0,200.0,76.45823804415632,69.56320655720836,0.006895031486947957,68950.31486947957,10,1991,39
HD현대케미칼_대산_Butadiene_2021,HD현대케미칼,대산,Butadiene,HP_001,1.0,163.0,62.3134640059874,56.69401334412481,0.005619450661862586,56194.50661862586,10,2021,9
롯데케미칼_대산_Butadiene_1997,롯데케미칼,대산,Butadiene,HP_001,1.0,190.0,72.63532614194851,66.08504622934794,0.006550279912600572,65502.79912600572,10,1997,33
여천NCC_여수_Butadiene_1992,여천NCC,여수,Butadiene,HP_001,1.0,378.0,144.50606990345548,131.4744603931238,0.013031609510331691,130316.0951033169,10,1992,38
여천NCC_여수_자일렌_1979,여천NCC,여수,자일렌,HP_001,1.0,204.0,73.32244367903682,66.7101992590836,0.006612244419953228,66122.44419953228,10,1979,51
대한유화_온산_자일렌_2008,대한유화,온산,자일렌,HP_001,1.0,47.0,16.892915945660448,15.369506692043771,0.001523409253616677,15234.09253616677,10,2008,22
롯데케미칼_대산_자일렌_2011,롯데케미칼,대산,자일렌,HP_001,1.0,60.0,21.565424611481426,19.620646840906943,0.0019447777705744827,19447.777705744826,10,2011,19
GS칼텍스_여수_자일렌_1990,GS칼텍스,여수,자일렌,HP_001,1.0,350.0,125.79831023364156,114.45377323862382,0.011344536995017734,113445.36995017734,10,1990,40
HD현대케미칼_대산_자일렌_2016,HD현대케미칼,대산,자일렌,HP_001,1.0,1350.0,485.2220537583319,441.46455392040616,0.04375749983792576,437574.9983792576,10,2016,14
롯데케미칼_여수_자일렌_1992,롯데케미칼,여수,자일렌,HP_001,1.0,79.0,28.394475738450534,25.833851673860806,0.002560624064589728,25606.240645897284,10,1992,38
LG화학_여수_자일렌_1992,LG화학,여수,자일렌,HP_001,1.0,60.0,21.565424611481426,19.620646840906943,0.0019447777705744827,19447.777705744826,10,1992,38
S-Oil_온산_자일렌_1991,S-Oil,온산,자일렌,HP_001,1.0,450.0,161.74068458611063,147.15485130680204,0.014585833279308588,145858.3327930859,10,1991,39
SK지오센트릭_울산_자일렌_2070,SK지오센트릭,울산,자일렌,HP_001,1.0,894.0,321.3248267110731,292.3476379295134,0.02897718878155973,289771.8878155973,10,2070,-40
HD현대케미칼_대산_PP_2021,HD현대케미칼,대산,PP,HP_001,1.0,380.0,134.94347153958876,122.77422059914487,0.012169250940443887,121692.50940443888,10,2021,9
LG화학_대산_PP_2006,LG화학,대산,PP,HP_001,0.6791405550581903,758.5999999999985,269.3897829208732,245.0961151223977,0.024293667798475495,242936.67798475496,10,2006,24
한화임팩트_대산_TPA_1997,한화임팩트,대산,TPA,TPA_001,1.0,700.0,238.72258241980936,237.57671402419427,0.0011458683956150821,195943.49565017904,171,1997,33
삼남석유화학_여수_TPA_1990,삼남석유화학,여수,TPA,TPA_001,0.3205333333333333,480.79999999999995,163.96831089634904,163.18126300404657,0.0007870478923024677,134585.18958372198,171,1990,40
HD현대케미칼_대산_LDPE_2021,HD현대케미칼,대산,LDPE,PE_002,1.0,300.0,233.4250111292319,229.92363596229345,0.003501375166938459,731787.409890138,209,2021,9
LG화학_대산_LDPE_2006,LG화학,대산,LDPE,PE_002,1.0,280.0,217.86334372061643,214.5953935648072,0.003267950155809217,683001.5825641264,209,2006,24
LG화학_여수_LDPE_1990,LG화학,여수,LDPE,PE_002,0.36444444444444457,65.60000000000002,51.04226910025873,50.27663506375485,0.0007656340365038758,160017.51362931004,209,1990,40
롯데케미칼_대산_Ethylene_1991,롯데케미칼,대산,Ethylene,ETH_003,0.2174909090909091,239.24,284.654020238394,283.8000581776789,0.000853962060715105,216906.3634216367,254,1991,39
롯데케미칼_대산_Propylene_1997,롯데케미칼,대산,Propylene,PROP_002,0.609,334.95,213.49051517879545,212.72194932415184,0.0007685658546436115,202901.38562591345,264,1997,33
롯데케미칼_대산_Ethylene_1991,롯데케미칼,대산,Ethylene,ETH_004,0.8699636363636364,956.96,1138.616080953576,1124.9526879821335,0.013663392971442591,4905158.07674789,359,1991,39
HD현대케미칼_대산_HDPE_2021,HD현대케미칼,대산,HDPE,PE_001,0.6252173913043478,359.5,209.304426645878,208.25790451264854,0.0010465221332294733,377794.4900958399,361,2021,9
롯데케미칼_대산_Propylene_1997,롯데케미칼,대산,Propylene,PROP_001,1.0,550.0,350.5591382246231,348.4557833952754,0.0021033548293477224,816101.6737869163,388,1997,33
HD현대오일뱅크_대산_Propylene_2011,HD현대오일뱅크,대산,Propylene,PROP_001,0.019642857142857142,8.25,5.258387073369347,5.226836750929131,3.155032244021605e-05,12241.525106803827,388,2011,19
롯데케미칼_대산_PP_2005,롯데케미칼,대산,PP,PP_001,0.70728,353.64,125.58265598752673,125.28125761315667,0.00030139837437006634,122066.34161987687,405,2005,25
롯데케미칼_대산_Ethylene_1991,롯데케미칼,대산,Ethylene,H2_001,1.0,1100.0,1308.8088206914956,1213.2400717757782,0.09556874891571737,48071080.70460584,503,1991,39
한화토탈에너지스_대산_Ethylene_1991,한화토탈에너지스,대산,Ethylene,H2_001,1.0,1525.0,1814.4849559586648,1681.991917689147,0.13249303826951792,66643998.249567516,503,1991,39
롯데케미칼_여수_Ethylene_1992,롯데케미칼,여수,Ethylene,H2_001,1.0,1230.0,1463.486226773218,1356.6229893492791,0.10686323742393893,53752208.42424128,503,1992,38
HD현대케미칼_대산_Ethylene_2021,HD현대케미칼,대산,Ethylene,H2_001,1.0,850.0,1011.3522705343375,937.5036918267376,0.07384857870759992,37145835.08992276,503,2021,9
LG화학_대산_Ethylene_1991,LG화학,대산,Ethylene,H2_001,1.0,1300.0,1546.774060817222,1433.8291757350105,0.11294488508221161,56811277.19635244,503,1991,39
여천NCC_여수_Ethylene_1979,여천NCC,여수,Ethylene,H2_001,1.0,2285.0,2718.7528684364247,2520.23051273423,0.19852235570219454,99856744.91820386,503,1979,51
GS칼텍스_여수_Ethylene_2021,GS칼텍스,여수,Ethylene,H2_001,1.0,900.0,1070.8435805657691,992.6509678165457,0.07819261274922337,39330884.21285936,503,2021,9
대한유화_온산_Ethylene_1991,대한유화,온산,Ethylene,H2_001,1.0,900.0,1070.8435805657691,992.6509678165457,0.07819261274922337,39330884.21285936,503,1991,39
SK지오센트릭_울산_Ethylene_1989,SK지오센트릭,울산,Ethylene,H2_001,1.0,660.0,785.2852924148975,727.9440430654669,0.057341249349430655,28842648.42276362,503,1989,41
LG화학_여수_Ethylene_2021,LG화학,여수,Ethylene,H2_001,1.0,1030.0,1225.520986647491,1136.0338853900466,0.08948710125744447,45012011.932494566,503,2021,9
S-Oil_온산_Ethylene_2018,S-Oil,온산,Ethylene,H2_001,1.0,182.0,216.54836851441107,200.73608460290143,0.01581228391150964,7953578.807489349,503,2018,12
롯데케미칼_울산_M-X_1998,롯데케미칼,울산,M-X,H2_001,1.0,360.0,418.6088532917559,388.04218552357906,0.03056666776817684,15375033.887392951,503,1998,32
롯데케미칼_울산_O-X_1980,롯데케미칼,울산,O-X,H2_001,1.0,210.0,214.40941266163108,198.7533145364673,0.015656098125163793,7875017.356957388,503,1980,50
SK지오센트릭_울산_O-X_1990,SK지오센트릭,울산,O-X,H2_001,1.0,200.0,204.19944063012483,189.28887098711172,0.014910569643013105,7500016.530435592,503,1990,40
롯데케미칼_대산_LDPE_2005,롯데케미칼,대산,LDPE,H2_001,1.0,500.0,389.0416852153865,360.63400141596566,0.028407683799420852,14289064.951108688,503,2005,25
HD현대케미칼_대산_LDPE_2021,HD현대케미칼,대산,LDPE,H2_001,1.0,300.0,233.4250111292319,216.3804008495794,0.017044610279652518,8573438.970665216,503,2021,9
LG화학_대산_LDPE_2006,LG화학,대산,LDPE,H2_001,1.0,280.0,217.86334372061643,201.95504079294076,0.015908302927675665,8001876.37262086,503,2006,24
LG화학_여수_LDPE_1990,LG화학,여수,LDPE,H2_001,1.0,180.0,140.05500667753915,129.82824050974762,0.01022676616779154,5144063.382399145,503,1990,40
한화솔루션_여수_LDPE_1979,한화솔루션,여수,LDPE,H2_001,1.0,337.0,262.2140958351705,243.06731695436085,0.019146778880809647,9630829.777047252,503,1979,51
롯데케미칼_울산_LDPE_1972,롯데케미칼,울산,LDPE,H2_001,1.0,120.0,93.37000445169278,86.55216033983176,0.006817844111861021,3429375.5882660937,503,1972,58
한화토탈에너지스_대산_LDPE_1991,한화토탈에너지스,대산,LDPE,H2_001,1.0,435.0,338.46626613738624,313.75158123189004,0.0247146849054962,12431486.50746459,503,1991,39
HD현대오일뱅크_대산_Propylene_2011,HD현대오일뱅크,대산,Propylene,H2_001,1.0,420.0,267.69970555334856,248.15236942573705,0.019547336127611517,9832310.072188593,503,2011,19
롯데케미칼_대산_Propylene_1997,롯데케미칼,대산,Propylene,H2_001,1.0,550.0,350.5591382246231,324.96143615275093,0.025597702071872164,12875644.142151698,503,1997,33
효성화학_울산_Propylene_1991,효성화학,울산,Propylene,H2_001,1.0,500.0,318.69012565874834,295.4194874115917,0.023270638247156625,11705131.038319783,503,1991,39
롯데케미칼_여수_Propylene_1992,롯데케미칼,여수,Propylene,H2_001,1.0,641.0,408.5607410945153,378.7277828616606,0.029832958232854707,15005977.991125917,503,1992,38
대한유화_온산_Propylene_1991,대한유화,온산,Propylene,H2_001,1.0,560.0,356.9329407377981,330.86982590098273,0.026063114836815372,13109746.762918131,503,1991,39
S-Oil_온산_Propylene_2018,S-Oil,온산,Propylene,H2_001,1.0,840.0,535.3994111066971,496.3047388514741,0.039094672255223034,19664620.144377187,503,2018,12
SK에너지_울산_Propylene_1996,SK에너지,울산,Propylene,H2_001,1.0,620.0,395.1757558168478,366.32016439037375,0.028855591426474064,14514362.487516453,503,1996,34
SK지오센트릭_울산_Propylene_1989,SK지오센트릭,울산,Propylene,H2_001,1.0,380.0,242.20449550064868,224.5188104328097,0.017685685067838987,8895899.58912301,503,1989,41
태광산업_울산_Propylene_1997,태광산업,울산,Propylene,H2_001,1.0,300.0,191.21407539524895,177.25169244695502,0.013962382948293935,7023078.622991849,503,1997,33
LG화학_여수_Propylene_2021,LG화학,여수,Propylene,H2_001,1.0,1300.0,828.5943267127454,768.0906672701384,0.06050365944260704,30433340.69963134,503,2021,9
여천NCC_여수_Propylene_1979,여천NCC,여수,Propylene,H2_001,1.0,1289.0,821.5831439482532,761.5914385470834,0.05999170540116984,30175827.81678843,503,1979,51
GS칼텍스_여수_Propylene_2021,GS칼텍스,여수,Propylene,H2_001,1.0,970.0,618.2588437779716,573.1138055784879,0.04514503819948368,22707954.214340292,503,2021,9
SK어드밴스드_울산_Propylene_2016,SK어드밴스드,울산,Propylene,H2_001,1.0,600.0,382.4281507904979,354.50338489391004,0.02792476589658787,14046157.245983697,503,2016,14
LG화학_대산_Propylene_1991,LG화학,대산,Propylene,H2_001,1.0,680.0,433.4185708958977,401.7705028797647,0.03164806801613298,15918978.21211489,503,1991,39
한화토탈에너지스_대산_Propylene_1991,한화토탈에너지스,대산,Propylene,H2_001,1.0,1064.0,678.1725874018163,628.6526692118671,0.04951991818994918,24908518.849544436,503,1991,39
HD현대케미칼_대산_Propylene_2021,HD현대케미칼,대산,Propylene,H2_001,1.0,451.0,287.4584933441909,266.4683776452557,0.020990115698935198,10558028.196564404,503,2021,9
한화토탈에너지스_대산_L-LDPE_2004,한화토탈에너지스,대산,L-LDPE,H2_001,1.0,530.0,327.7144641722758,303.7848719756232,0.023929592196652607,12036584.874916261,503,2004,26
LG화학_대산_L-LDPE_2006,LG화학,대산,L-LDPE,H2_001,1.0,125.0,77.2911472104424,71.64737546594887,0.005643771744493534,2838817.187480248,503,2006,24
SK지오센트릭_울산_L-LDPE_1990,SK지오센트릭,울산,L-LDPE,H2_001,1.0,550.0,340.0810477259465,315.24845205017505,0.024832595675771472,12490795.624913052,503,1990,40
롯데케미칼_여수_L-LDPE_2019,롯데케미칼,여수,L-LDPE,H2_001,1.0,600.0,370.9975066101234,343.9074022365546,0.027090104373568805,13626322.49990511,503,2019,11
한화솔루션_여수_L-LDPE_1986,한화솔루션,여수,L-LDPE,H2_001,1.0,288.0,178.0788031728593,165.07555307354622,0.013003250099313078,6540634.799954479,503,1986,44
LG화학_여수_L-LDPE_2021,LG화학,여수,L-LDPE,H2_001,1.0,425.0,262.78990051550414,243.60107658422618,0.019188823931277965,9651978.437432816,503,2021,9
DL케미칼_여수_L-LDPE_2010,DL케미칼,여수,L-LDPE,H2_001,1.0,10.0,6.183291776835391,5.731790037275909,0.0004515017395594825,227105.3749984197,503,2010,20
SSNC_울산_L-LDPE_2015,SSNC,울산,L-LDPE,H2_001,1.0,180.0,111.29925198303702,103.17222067096637,0.008127031312070656,4087896.7499715397,503,2015,15
HD현대케미칼_대산_HDPE_2021,HD현대케미칼,대산,HDPE,H2_001,0.817622930365216,470.1331849599992,273.71615222601713,253.729497328288,0.019986654897729123,10053287.41355775,503,2021,9
